Data,Ultimo,Apertura,Massimo,Minimo
31122024,5881.63,5919.74,5929.74,5868.86
30122024,5906.94,5920.67,5940.79,5869.16
27122024,5970.84,6006.17,6006.17,5932.95
26122024,6037.59,6024.97,6049.75,6007.37
24122024,6040.04,5984.63,6040.1,5981.44
23122024,5974.07,5940.25,5978.25,5902.57
20122024,5930.85,5842,5982.06,5832.3
19122024,5867.08,5912.71,5935.52,5866.07
18122024,5872.16,6047.65,6070.67,5867.79
17122024,6050.61,6052.55,6057.68,6035.19
16122024,6074.08,6063.79,6085.19,6059.14
13122024,6051.09,6068.17,6078.58,6035.77
12122024,6051.25,6074.29,6079.68,6051.25
11122024,6084.19,6060.15,6092.59,6060.15
10122024,6034.91,6057.59,6065.4,6029.89
09122024,6052.85,6083.01,6088.51,6048.63
06122024,6090.27,6081.38,6099.97,6079.98
05122024,6075.11,6089.03,6094.55,6072.9
04122024,6086.49,6069.39,6089.84,6061.06
03122024,6049.88,6042.97,6052.07,6033.39
02122024,6047.15,6040.11,6053.58,6035.33
29112024,6032.38,6003.98,6044.17,6003.98
27112024,5998.74,6014.11,6020.16,5984.87
26112024,6021.63,6000.03,6025.42,5992.27
25112024,5987.37,5992.28,6020.75,5963.91
22112024,5969.34,5944.36,5972.9,5944.36
21112024,5948.71,5940.58,5963.32,5887.26
20112024,5917.11,5914.34,5920.67,5860.56
19112024,5916.98,5870.05,5923.51,5855.29
18112024,5893.62,5874.17,5908.12,5865.95
15112024,5870.62,5912.79,5915.32,5853.01
14112024,5949.17,5989.68,5993.88,5942.28
13112024,5985.38,5985.75,6008.19,5965.91
12112024,5983.99,6003.6,6009.92,5960.08
11112024,6001.35,6008.86,6017.31,5986.69
08112024,5995.54,5976.76,6012.45,5976.76
07112024,5973.1,5947.21,5983.84,5947.21
06112024,5929.04,5864.89,5936.14,5864.89
05112024,5782.76,5722.43,5783.44,5722.1
04112024,5712.69,5725.15,5741.43,5696.51
01112024,5728.8,5723.22,5772.52,5723.22
31102024,5705.45,5775.34,5775.34,5702.86
30102024,5813.67,5832.65,5850.94,5811.28
29102024,5832.92,5819.68,5847.19,5802.17
28102024,5823.52,5833.93,5842.92,5823.08
25102024,5808.12,5826.75,5862.82,5799.98
24102024,5809.86,5817.8,5817.8,5784.92
23102024,5797.42,5834.5,5834.85,5762.41
22102024,5851.2,5832.7,5863.04,5821.17
21102024,5853.98,5857.82,5866.92,5824.79
18102024,5864.67,5859.43,5872.17,5846.11
17102024,5841.47,5875.62,5878.46,5840.25
16102024,5842.47,5816.58,5846.52,5808.34
15102024,5815.26,5866.74,5870.36,5804.48
14102024,5859.85,5829.81,5871.41,5829.57
11102024,5815.03,5775.09,5822.13,5775.09
10102024,5780.05,5778.36,5795.03,5764.76
09102024,5792.04,5751.8,5796.8,5745.02
08102024,5751.13,5719.14,5757.6,5714.56
07102024,5695.94,5737.8,5739.34,5686.85
04102024,5751.07,5737.48,5753.21,5702.83
03102024,5699.94,5698.19,5718.78,5677.37
02102024,5709.54,5698.14,5719.63,5674
01102024,5708.75,5757.73,5757.73,5681.28
30092024,5762.48,5726.52,5765.14,5703.53
27092024,5738.17,5755.36,5763.78,5727.34
26092024,5745.37,5762.22,5767.37,5721.01
25092024,5722.26,5733.65,5741.03,5712.06
24092024,5732.93,5727.66,5735.32,5698.99
23092024,5718.57,5711.9,5725.36,5704.22
20092024,5702.55,5709.64,5715.14,5674.49
19092024,5713.64,5702.63,5733.57,5686.42
18092024,5618.26,5641.68,5689.75,5615.08
17092024,5634.58,5655.51,5670.81,5614.05
16092024,5633.09,5615.21,5636.05,5604.53
13092024,5626.02,5603.34,5636.27,5601.65
12092024,5595.76,5557.48,5600.71,5535.5
11092024,5554.13,5496.42,5560.41,5406.96
10092024,5495.52,5490.51,5497.91,5441.72
09092024,5471.05,5442.07,5484.2,5434.49
06092024,5408.42,5507.33,5522.47,5402.62
05092024,5503.41,5520.08,5546.3,5480.54
04092024,5520.07,5506.68,5552.99,5503.66
03092024,5528.93,5623.89,5623.89,5504.33
30082024,5648.4,5612.74,5651.37,5581.79
29082024,5591.96,5607.3,5646.95,5583.71
28082024,5592.18,5624.51,5627.03,5560.95
27082024,5625.8,5602.89,5631.18,5593.48
26082024,5616.84,5639.66,5651.62,5602.34
23082024,5634.61,5602.49,5641.82,5585.16
22082024,5570.64,5637.77,5643.22,5560.95
21082024,5620.85,5603.09,5632.68,5591.57
20082024,5597.12,5602.88,5620.51,5585.5
19082024,5608.25,5557.23,5608.3,5550.74
16082024,5554.25,5530.5,5561.98,5525.17
15082024,5543.22,5501.13,5546.23,5501.13
14082024,5455.21,5442.36,5463.22,5415.91
13082024,5434.43,5376.98,5436.5,5376.98
12082024,5344.39,5351.88,5371.2,5324.37
09082024,5344.16,5314.66,5358.67,5300.84
08082024,5319.31,5252.57,5328.03,5233.85
07082024,5199.5,5293.13,5330.64,5195.54
06082024,5240.03,5206.42,5312.34,5193.56
05082024,5186.33,5151.14,5250.89,5119.26
02082024,5346.56,5376.63,5383.89,5302.03
01082024,5446.68,5537.84,5566.16,5410.42
31072024,5522.3,5505.59,5551.51,5493.75
30072024,5436.44,5478.73,5489.46,5401.7
29072024,5463.54,5476.55,5487.74,5444.44
26072024,5459.1,5433.67,5488.32,5430.7
25072024,5399.22,5428.7,5491.59,5390.95
24072024,5427.13,5505.84,5508.04,5419.98
23072024,5555.74,5565.3,5585.34,5550.9
22072024,5564.41,5544.54,5570.36,5529.04
19072024,5505,5543.37,5557.5,5497.04
18072024,5544.59,5608.56,5614.05,5522.81
17072024,5588.27,5610.07,5622.49,5584.81
16072024,5667.2,5644.09,5669.67,5639.02
15072024,5631.22,5638.16,5666.94,5614.75
12072024,5615.35,5590.76,5655.56,5590.44
11072024,5584.54,5635.21,5642.45,5576.53
10072024,5633.91,5591.26,5635.39,5586.44
09072024,5576.98,5584.24,5590.75,5574.57
08072024,5572.85,5572.75,5583.11,5562.51
05072024,5567.19,5537.91,5570.33,5531.63
03072024,5537.02,5507.44,5539.27,5507.42
02072024,5509.01,5461.84,5509.69,5458.43
01072024,5475.09,5471.08,5479.55,5446.53
28062024,5460.48,5488.48,5523.64,5451.12
27062024,5482.87,5473.59,5490.81,5467.54
26062024,5477.9,5460.71,5483.14,5451.87
25062024,5469.3,5460.73,5472.88,5446.56
24062024,5447.87,5459.58,5490.66,5447.59
21062024,5464.62,5466.77,5478.31,5452.03
20062024,5473.17,5499.99,5505.53,5455.56
18062024,5487.03,5476.15,5490.38,5471.32
17062024,5473.23,5431.11,5488.5,5420.4
14062024,5431.6,5424.08,5432.39,5403.75
13062024,5433.74,5441.93,5441.93,5402.51
12062024,5421.03,5409.13,5447.25,5409.13
11062024,5375.32,5353,5375.95,5327.25
10062024,5360.79,5341.22,5365.79,5331.52
07062024,5346.99,5343.81,5375.08,5331.33
06062024,5352.96,5357.8,5362.35,5335.36
05062024,5354.03,5314.48,5354.16,5297.64
04062024,5291.34,5278.24,5298.8,5257.63
03062024,5283.4,5297.15,5302.11,5234.32
31052024,5277.51,5243.21,5280.33,5191.68
30052024,5235.48,5259.77,5260.21,5222.1
29052024,5266.95,5278.73,5282.27,5262.7
28052024,5306.04,5315.91,5315.91,5280.89
24052024,5304.72,5281.45,5311.65,5278.39
23052024,5267.84,5340.26,5341.88,5256.93
22052024,5307.01,5319.28,5323.18,5286.01
21052024,5321.41,5298.69,5324.32,5297.87
20052024,5308.13,5305.35,5325.32,5302.4
17052024,5303.27,5303.1,5305.45,5283.59
16052024,5297.1,5310.07,5325.49,5296.19
15052024,5308.15,5263.26,5311.76,5263.26
14052024,5246.68,5221.1,5250.37,5217.98
13052024,5221.42,5233.08,5237.26,5211.16
10052024,5222.68,5225.49,5239.66,5209.68
09052024,5214.08,5189.03,5215.3,5180.41
08052024,5187.67,5168.98,5191.95,5165.86
07052024,5187.7,5187.2,5200.23,5178.96
06052024,5180.74,5142.42,5181,5142.42
03052024,5127.79,5122.78,5139.12,5101.22
02052024,5064.2,5049.32,5073.21,5011.05
01052024,5018.39,5029.03,5096.12,5013.45
30042024,5035.69,5103.78,5110.83,5035.31
29042024,5116.17,5114.13,5123.49,5088.65
26042024,5099.96,5084.65,5114.62,5073.14
25042024,5048.42,5019.88,5057.75,4990.58
24042024,5071.63,5084.86,5089.48,5047.02
23042024,5070.55,5028.85,5076.12,5027.96
22042024,5010.6,4987.33,5038.84,4969.4
19042024,4967.23,5005.44,5019.02,4953.56
18042024,5011.12,5031.52,5056.66,5001.89
17042024,5022.21,5068.97,5077.96,5007.25
16042024,5051.41,5064.59,5079.84,5039.83
15042024,5061.82,5149.67,5168.43,5052.47
12042024,5123.41,5171.51,5175.03,5107.94
11042024,5199.06,5172.95,5211.78,5138.77
10042024,5160.64,5167.88,5178.43,5138.7
09042024,5209.91,5217.03,5224.81,5160.78
08042024,5202.39,5211.37,5219.57,5197.35
05042024,5204.34,5158.95,5222.18,5157.21
04042024,5147.21,5244.05,5256.59,5146.06
03042024,5211.49,5194.37,5228.75,5194.37
02042024,5205.81,5204.29,5208.34,5184.05
01042024,5243.77,5257.97,5263.95,5229.2
28032024,5254.35,5248.03,5264.85,5245.82
27032024,5248.49,5226.31,5249.26,5213.92
26032024,5203.58,5228.85,5235.16,5203.42
25032024,5218.19,5219.52,5229.09,5216.09
22032024,5234.18,5242.48,5246.09,5229.87
21032024,5241.53,5253.43,5261.1,5240.66
20032024,5224.62,5181.69,5226.19,5171.55
19032024,5178.51,5139.09,5180.31,5131.59
18032024,5149.42,5154.77,5175.6,5145.47
15032024,5117.09,5123.31,5136.86,5104.35
14032024,5150.48,5175.14,5176.85,5123.3
13032024,5165.31,5173.49,5179.14,5151.88
12032024,5175.27,5134.3,5179.87,5114.48
11032024,5117.94,5111.96,5124.66,5091.14
08032024,5123.69,5164.46,5189.26,5117.5
07032024,5157.36,5132.38,5165.62,5128.21
06032024,5104.76,5108.03,5127.97,5092.22
05032024,5078.65,5110.52,5114.54,5056.82
04032024,5130.95,5130.99,5149.67,5127.18
01032024,5137.08,5098.51,5140.33,5094.16
29022024,5096.27,5085.36,5104.99,5061.89
28022024,5069.76,5067.2,5077.37,5058.35
27022024,5078.18,5074.6,5080.69,5057.29
26022024,5069.53,5093,5097.66,5068.91
23022024,5088.8,5100.92,5111.06,5081.46
22022024,5087.03,5038.83,5094.39,5038.83
21022024,4981.8,4963.03,4983.21,4946
20022024,4975.51,4989.32,4993.71,4955.02
16022024,5005.57,5031.13,5038.7,4999.52
15022024,5029.73,5003.14,5032.72,4999.44
14022024,5000.62,4976.44,5002.52,4956.45
13022024,4953.17,4967.94,4971.3,4920.31
12022024,5021.84,5026.83,5048.39,5016.83
09022024,5026.61,5004.17,5030.06,5000.34
08022024,4997.91,4995.16,5000.4,4987.09
07022024,4995.06,4973.05,4999.89,4969.05
06022024,4954.23,4950.16,4957.77,4934.88
05022024,4942.81,4957.19,4957.19,4918.09
02022024,4958.61,4916.06,4975.29,4907.99
01022024,4906.19,4861.11,4906.97,4853.52
31012024,4845.65,4899.19,4906.75,4845.15
30012024,4924.97,4925.89,4931.09,4916.27
29012024,4927.93,4892.95,4929.31,4887.4
26012024,4890.97,4888.91,4906.69,4881.47
25012024,4894.16,4886.66,4898.15,4869.34
24012024,4868.55,4888.56,4903.68,4865.94
23012024,4864.6,4856.8,4866.48,4844.37
22012024,4850.43,4853.42,4868.41,4844.05
19012024,4839.81,4796.28,4842.07,4785.87
18012024,4780.94,4760.1,4785.79,4740.57
17012024,4739.21,4739.13,4744.23,4714.82
16012024,4765.98,4772.35,4782.34,4747.12
12012024,4783.83,4791.18,4802.4,4768.98
11012024,4780.24,4792.13,4798.5,4739.58
10012024,4783.45,4759.94,4790.8,4756.2
09012024,4756.5,4741.93,4765.47,4730.35
08012024,4763.54,4703.7,4764.54,4699.82
05012024,4697.24,4690.57,4721.49,4682.11
04012024,4688.68,4697.42,4726.78,4687.53
03012024,4704.81,4725.07,4729.29,4699.71
02012024,4742.83,4745.2,4754.33,4722.67
29122023,4769.83,4782.88,4788.43,4751.99
28122023,4783.35,4786.44,4793.3,4780.98
27122023,4781.58,4773.45,4785.39,4768.9
26122023,4774.75,4758.86,4784.72,4758.45
22122023,4754.63,4753.92,4772.94,4736.77
21122023,4746.75,4724.29,4748.71,4708.35
20122023,4698.35,4764.73,4778.01,4697.82
19122023,4768.37,4743.72,4768.69,4743.72
18122023,4740.56,4725.58,4749.52,4725.58
15122023,4719.19,4714.23,4725.53,4704.69
14122023,4719.55,4721.04,4738.57,4694.34
13122023,4707.09,4646.2,4709.69,4643.23
12122023,4643.7,4618.3,4643.93,4608.09
11122023,4622.44,4593.39,4623.71,4593.39
08122023,4604.37,4576.2,4609.23,4574.06
07122023,4585.59,4568.84,4590.92,4565.22
06122023,4549.34,4586.23,4590.74,4546.5
05122023,4567.18,4557.25,4578.56,4551.68
04122023,4569.78,4564.37,4572.37,4546.72
01122023,4594.63,4559.43,4599.39,4554.71
30112023,4567.8,4554.87,4569.89,4537.24
29112023,4550.58,4571.84,4587.64,4547.15
28112023,4554.89,4545.55,4568.14,4540.51
27112023,4550.43,4554.86,4560.52,4546.32
24112023,4559.34,4555.84,4560.31,4552.8
22112023,4556.62,4553.04,4568.43,4545.05
21112023,4538.19,4538.77,4542.14,4525.51
20112023,4547.38,4511.7,4557.11,4510.36
17112023,4514.02,4509.55,4520.12,4499.66
16112023,4508.24,4497.08,4511.99,4487.83
15112023,4502.88,4505.3,4521.17,4495.31
14112023,4495.7,4458.97,4508.67,4458.97
13112023,4411.55,4406.66,4421.76,4393.82
10112023,4415.24,4364.15,4418.03,4353.34
09112023,4347.35,4391.41,4393.4,4343.94
08112023,4382.78,4384.37,4391.2,4359.76
07112023,4378.38,4366.21,4386.26,4355.41
06112023,4365.98,4364.27,4372.21,4347.53
03112023,4358.34,4334.23,4373.62,4334.23
02112023,4317.78,4268.26,4319.72,4268.26
01112023,4237.86,4201.27,4245.64,4197.74
31102023,4193.8,4171.33,4195.55,4153.12
30102023,4166.82,4139.39,4177.47,4132.94
27102023,4117.37,4152.93,4156.7,4103.78
26102023,4137.23,4175.99,4183.6,4127.9
25102023,4186.77,4232.42,4232.42,4181.42
24102023,4247.68,4235.79,4259.38,4219.43
23102023,4217.04,4210.4,4255.84,4189.22
20102023,4224.16,4273.85,4276.56,4223.03
19102023,4278,4321.36,4339.54,4269.69
18102023,4314.6,4357.35,4364.2,4303.84
17102023,4373.2,4345.23,4393.57,4337.54
16102023,4373.63,4342.37,4383.33,4342.37
13102023,4327.78,4360.49,4377.1,4311.97
12102023,4349.61,4380.94,4385.85,4325.43
11102023,4376.95,4366.59,4378.64,4345.34
10102023,4358.24,4339.75,4385.46,4339.64
09102023,4335.66,4289.02,4341.73,4283.79
06102023,4308.5,4234.79,4324.1,4219.55
05102023,4258.19,4259.31,4267.13,4225.91
04102023,4263.75,4233.83,4268.5,4220.48
03102023,4229.45,4269.75,4281.15,4216.45
02102023,4288.39,4284.52,4300.58,4260.21
29092023,4288.05,4328.18,4333.15,4274.86
28092023,4299.7,4269.65,4317.27,4264.38
27092023,4274.51,4282.63,4292.07,4238.63
26092023,4273.53,4312.88,4313.01,4265.98
25092023,4337.44,4310.62,4338.51,4302.7
22092023,4320.06,4341.74,4357.4,4316.49
21092023,4330,4374.36,4375.7,4329.17
20092023,4402.2,4452.81,4461.03,4401.38
19092023,4443.95,4445.41,4449.85,4416.61
18092023,4453.53,4445.13,4466.36,4442.11
15092023,4450.32,4497.98,4497.98,4447.21
14092023,4505.1,4487.78,4511.99,4478.69
13092023,4467.44,4462.65,4479.39,4453.52
12092023,4461.9,4473.27,4487.11,4456.83
11092023,4487.46,4480.98,4490.77,4467.89
08092023,4457.49,4451.3,4473.53,4448.38
07092023,4451.14,4434.55,4457.81,4430.46
06092023,4465.48,4490.35,4490.35,4442.38
05092023,4496.83,4510.06,4514.29,4496.01
01092023,4515.77,4530.6,4541.25,4501.35
31082023,4507.66,4517.01,4532.26,4507.39
30082023,4514.87,4500.34,4521.65,4493.59
29082023,4497.63,4432.75,4500.14,4431.68
28082023,4433.31,4426.03,4439.56,4414.98
25082023,4405.71,4389.38,4418.46,4356.29
24082023,4376.31,4455.16,4458.3,4375.55
23082023,4436.01,4396.44,4443.18,4396.44
22082023,4387.55,4415.33,4418.59,4382.77
21082023,4399.77,4380.28,4407.55,4360.3
18082023,4369.71,4344.88,4381.82,4335.31
17082023,4370.36,4416.32,4421.17,4364.83
16082023,4404.33,4433.79,4449.95,4403.55
15082023,4437.86,4478.87,4478.87,4432.19
14082023,4489.72,4458.13,4490.33,4453.44
11082023,4464.05,4450.69,4476.23,4443.98
10082023,4468.83,4487.16,4527.37,4457.92
09082023,4467.71,4501.57,4502.44,4461.33
08082023,4499.38,4498.03,4503.31,4464.39
07082023,4518.44,4491.58,4519.84,4491.15
04082023,4478.03,4513.96,4540.34,4474.55
03082023,4501.89,4494.27,4519.49,4485.54
02082023,4513.39,4550.93,4550.93,4505.75
01082023,4576.73,4578.83,4584.62,4567.53
31072023,4588.96,4584.82,4594.22,4573.14
28072023,4582.23,4565.75,4590.16,4564.01
27072023,4537.41,4598.26,4607.07,4528.56
26072023,4566.75,4558.96,4582.47,4547.58
25072023,4567.46,4555.19,4580.62,4552.42
24072023,4554.64,4543.39,4563.41,4541.29
21072023,4536.34,4550.16,4555,4535.79
20072023,4534.87,4554.38,4564.74,4527.56
19072023,4565.72,4563.87,4578.43,4557.48
18072023,4554.98,4521.78,4562.3,4514.59
17072023,4522.79,4508.86,4532.85,4504.9
14072023,4505.42,4514.61,4527.76,4499.56
13072023,4510.04,4491.5,4517.38,4489.36
12072023,4472.16,4467.69,4488.34,4463.23
11072023,4439.26,4415.55,4443.64,4408.46
10072023,4409.53,4394.23,4412.6,4389.92
07072023,4398.95,4404.54,4440.39,4397.4
06072023,4411.59,4422.62,4422.62,4385.05
05072023,4446.82,4442.04,4454.06,4436.61
03072023,4455.59,4450.48,4456.46,4442.29
30062023,4450.38,4422.44,4458.48,4422.44
29062023,4396.44,4374.94,4398.39,4371.97
28062023,4376.86,4367.48,4390.35,4360.22
27062023,4378.41,4337.36,4384.42,4335
26062023,4328.82,4344.84,4362.06,4328.08
23062023,4348.33,4354.17,4366.55,4341.34
22062023,4381.89,4355.4,4382.25,4351.82
21062023,4365.69,4380.01,4386.22,4360.14
20062023,4388.71,4396.11,4400.15,4367.19
16062023,4409.59,4440.95,4448.47,4407.44
15062023,4425.84,4365.33,4439.2,4362.6
14062023,4372.59,4366.29,4391.82,4337.85
13062023,4369.01,4352.61,4375.37,4349.31
12062023,4338.93,4308.32,4340.13,4304.37
09062023,4298.86,4304.88,4322.62,4291.7
08062023,4293.93,4268.69,4298.01,4261.07
07062023,4267.52,4285.47,4299.19,4263.96
06062023,4283.85,4271.34,4288.33,4263.09
05062023,4273.79,4282.99,4299.28,4266.82
02062023,4282.37,4241.01,4290.67,4241.01
01062023,4221.02,4183.03,4232.43,4171.64
31052023,4179.83,4190.74,4195.44,4166.15
30052023,4205.52,4226.71,4231.1,4192.18
26052023,4205.45,4156.16,4212.87,4156.16
25052023,4151.28,4155.71,4165.74,4129.73
24052023,4115.24,4132.96,4132.96,4103.98
23052023,4145.58,4176.8,4185.68,4142.54
22052023,4192.63,4190.78,4209.22,4179.68
19052023,4191.98,4204.15,4212.91,4180.2
18052023,4198.05,4157.68,4202.2,4153.5
17052023,4158.77,4122.85,4164.67,4113.62
16052023,4109.9,4127.95,4135.54,4109.86
15052023,4136.28,4126.65,4141.25,4110.27
12052023,4124.08,4138.54,4143.74,4099.12
11052023,4130.62,4132.24,4132.8,4109.29
10052023,4137.64,4143.74,4154.28,4098.92
09052023,4119.17,4124.25,4130.35,4116.65
08052023,4138.12,4136.98,4142.3,4123.81
05052023,4136.25,4084.73,4147.02,4084.73
04052023,4061.22,4082.55,4082.61,4048.28
03052023,4090.75,4122.25,4148.3,4088.86
02052023,4119.58,4164.1,4164.1,4089.72
01052023,4167.87,4166.79,4186.92,4164.12
28042023,4169.48,4129.63,4170.06,4127.18
27042023,4135.35,4075.29,4138.24,4075.29
26042023,4055.99,4087.78,4089.67,4049.35
25042023,4071.63,4126.43,4126.43,4071.38
24042023,4137.04,4132.07,4142.41,4117.77
21042023,4133.52,4132.14,4138.02,4113.86
20042023,4129.79,4130.48,4148.57,4114.57
19042023,4154.52,4139.33,4162.57,4134.49
18042023,4154.87,4164.26,4169.48,4140.36
17042023,4151.32,4137.17,4151.72,4123.18
14042023,4137.64,4140.11,4163.19,4113.2
13042023,4146.22,4100.04,4150.26,4099.4
12042023,4091.95,4121.72,4134.37,4086.94
11042023,4108.94,4110.29,4124.26,4102.61
10042023,4109.11,4085.2,4109.5,4072.55
06042023,4105.02,4081.15,4107.32,4069.84
05042023,4090.38,4094.5,4099.69,4072.56
04042023,4100.6,4128.03,4133.13,4086.87
03042023,4124.51,4102.2,4127.66,4098.79
31032023,4109.31,4056.18,4110.75,4056.18
30032023,4050.83,4046.74,4057.85,4032.1
29032023,4027.81,3999.53,4030.59,3999.53
28032023,3971.27,3974.13,3979.2,3951.53
27032023,3977.53,3982.93,4003.83,3970.49
24032023,3970.99,3939.21,3972.74,3909.16
23032023,3948.72,3959.21,4007.66,3919.05
22032023,3936.97,4002.04,4039.49,3936.17
21032023,4002.87,3975.89,4009.08,3971.19
20032023,3951.57,3917.47,3956.62,3916.89
17032023,3916.64,3958.69,3958.91,3901.27
16032023,3960.28,3878.93,3964.46,3864.11
15032023,3891.93,3876.74,3894.26,3838.24
14032023,3919.29,3894.01,3937.29,3873.63
13032023,3855.76,3835.12,3905.05,3808.86
10032023,3861.59,3912.77,3934.05,3846.32
09032023,3918.32,3998.66,4017.81,3908.7
08032023,3992.01,3987.55,4000.41,3969.76
07032023,3986.37,4048.26,4050,3980.31
06032023,4048.42,4055.15,4078.49,4044.61
03032023,4045.64,3998.02,4048.29,3995.17
02032023,3981.35,3938.68,3990.84,3928.16
01032023,3951.39,3963.34,3971.73,3939.05
28022023,3970.15,3977.19,3997.5,3968.98
27022023,3982.24,3992.36,4018.05,3973.55
24022023,3970.04,3973.24,3978.25,3943.08
23022023,4012.32,4018.6,4028.3,3969.19
22022023,3991.05,4001.83,4017.37,3976.9
21022023,3997.34,4052.35,4052.35,3995.19
17022023,4079.09,4077.39,4081.51,4047.95
16022023,4090.41,4114.75,4136.54,4089.49
15022023,4147.6,4119.5,4148.11,4103.98
14022023,4136.13,4126.7,4159.77,4095.01
13022023,4137.29,4096.62,4138.9,4092.67
10022023,4090.46,4068.92,4094.36,4060.79
09022023,4081.5,4144.25,4156.23,4069.67
08022023,4117.86,4153.47,4156.85,4111.67
07022023,4164,4105.35,4176.54,4088.39
06022023,4111.08,4119.57,4124.63,4093.38
03022023,4136.48,4136.69,4182.36,4123.36
02022023,4179.76,4158.68,4195.44,4141.88
01022023,4119.21,4070.07,4148.95,4037.2
31012023,4076.6,4020.85,4077.16,4020.44
30012023,4017.77,4049.27,4063.85,4015.55
27012023,4070.56,4053.72,4094.21,4048.7
26012023,4060.43,4036.08,4061.57,4013.29
25012023,4016.22,3982.71,4019.55,3949.06
24012023,4016.95,4001.74,4023.92,3989.79
23012023,4019.81,3978.14,4039.31,3971.64
20012023,3972.61,3909.04,3972.96,3897.86
19012023,3898.85,3911.84,3922.94,3885.54
18012023,3928.86,4002.25,4014.16,3926.59
17012023,3990.97,3999.28,4015.39,3984.57
13012023,3999.09,3960.6,4003.95,3947.67
12012023,3983.17,3977.57,3997.76,3937.56
11012023,3969.61,3932.35,3970.07,3928.54
10012023,3919.25,3888.57,3919.83,3877.29
09012023,3892.09,3910.82,3950.57,3890.42
06012023,3895.08,3823.37,3906.19,3809.56
05012023,3808.1,3839.74,3839.74,3802.42
04012023,3852.97,3840.36,3873.16,3815.77
03012023,3824.14,3853.29,3878.46,3794.33
30122022,3839.5,3829.06,3839.85,3800.34
29122022,3849.28,3805.45,3858.19,3805.45
28122022,3783.22,3829.56,3848.32,3780.78
27122022,3829.25,3843.34,3846.65,3813.22
23122022,3844.82,3815.11,3845.8,3797.01
22122022,3822.39,3853.26,3853.26,3764.49
21122022,3878.44,3839.49,3889.82,3839.49
20122022,3821.62,3810.47,3838.24,3795.62
19122022,3817.66,3853.79,3854.86,3800.04
16122022,3852.36,3890.91,3890.91,3827.91
15122022,3895.75,3958.37,3958.37,3879.45
14122022,3995.32,4015.54,4053.76,3965.65
13122022,4019.65,4069.38,4100.96,3993.03
12122022,3990.56,3939.29,3990.71,3935.3
09122022,3934.38,3954.17,3977.02,3933.04
08122022,3963.51,3947.79,3974.19,3935.83
07122022,3933.92,3933.28,3957.57,3922.68
06122022,3941.26,3996.63,4001.51,3918.39
05122022,3998.84,4052.02,4052.45,3984.49
02122022,4071.7,4040.17,4080.48,4026.63
01122022,4076.57,4087.14,4100.51,4050.87
30112022,4080.11,3957.18,4080.11,3938.58
29112022,3957.63,3964.19,3976.77,3937.65
28112022,3963.94,4005.36,4012.27,3955.77
25112022,4026.12,4023.34,4034.02,4020.76
23112022,4027.26,4000.3,4033.78,3998.66
22112022,4003.58,3965.51,4005.88,3956.88
21112022,3949.94,3956.23,3962,3933.34
18112022,3965.34,3966.39,3979.89,3935.98
17112022,3946.56,3919.26,3954.33,3906.54
16112022,3958.79,3976.82,3983.09,3954.34
15112022,3991.73,4006.41,4028.84,3953.17
14112022,3957.25,3977.97,4008.97,3956.4
11112022,3992.93,3963.72,4001.48,3944.82
10112022,3956.37,3859.89,3958.33,3859.89
09112022,3748.57,3810.94,3818.2,3744.22
08112022,3828.11,3817.02,3859.4,3786.28
07112022,3806.8,3780.71,3813.95,3764.7
04112022,3770.55,3766.98,3796.34,3708.84
03112022,3719.89,3733.25,3750.59,3698.15
02112022,3759.69,3852.9,3894.44,3758.68
01112022,3856.1,3901.79,3911.79,3843.8
31102022,3871.98,3881.85,3893.73,3863.18
28102022,3901.06,3808.26,3905.42,3808.26
27102022,3807.3,3834.69,3859.95,3803.79
26102022,3830.6,3825.97,3886.15,3824.07
25102022,3859.11,3799.44,3862.85,3799.44
24102022,3797.34,3762.01,3810.74,3741.65
21102022,3752.75,3657.1,3757.89,3647.42
20102022,3665.78,3689.05,3736,3656.44
19102022,3695.16,3703.11,3728.58,3666.51
18102022,3719.98,3746.26,3762.79,3686.53
17102022,3677.95,3638.65,3689.73,3638.65
14102022,3583.07,3690.41,3712,3579.68
13102022,3669.91,3520.37,3685.41,3491.58
12102022,3577.03,3590.83,3608.34,3573.86
11102022,3588.84,3595.86,3640.66,3568.45
10102022,3612.39,3647.51,3652.17,3588.1
07102022,3639.66,3706.74,3706.74,3620.73
06102022,3744.52,3771.97,3797.93,3739.22
05102022,3783.28,3753.25,3806.91,3722.66
04102022,3790.93,3726.46,3791.92,3726.46
03102022,3678.43,3609.78,3698.35,3604.93
30092022,3585.62,3633.48,3671.44,3584.13
29092022,3640.47,3687.01,3687.01,3610.4
28092022,3719.04,3651.94,3736.74,3640.61
27092022,3647.29,3686.44,3717.53,3623.29
26092022,3655.04,3682.72,3715.67,3644.76
23092022,3693.23,3727.14,3727.14,3647.47
22092022,3757.99,3782.36,3790.9,3749.45
21092022,3789.93,3871.4,3907.07,3789.49
20092022,3855.93,3875.23,3876.01,3827.54
19092022,3899.89,3849.91,3900.45,3838.5
16092022,3873.33,3880.95,3880.95,3837.08
15092022,3901.35,3932.41,3959.14,3888.28
14092022,3946.01,3940.73,3961.94,3912.18
13092022,3932.69,4037.12,4037.12,3921.28
12092022,4110.41,4083.67,4119.28,4083.67
09092022,4067.36,4022.94,4076.81,4022.94
08092022,4006.18,3959.94,4010.5,3944.81
07092022,3979.87,3909.43,3987.89,3906.03
06092022,3908.19,3930.89,3942.55,3886.75
02092022,3924.26,3994.66,4018.43,3906.21
01092022,3966.85,3936.73,3970.23,3903.65
31082022,3955,4000.67,4015.37,3954.53
30082022,3986.16,4041.25,4044.98,3965.21
29082022,4030.61,4034.58,4062.99,4017.42
26082022,4057.66,4198.74,4203.04,4057.66
25082022,4199.12,4153.26,4200.54,4147.59
24082022,4140.77,4126.55,4156.56,4119.97
23082022,4128.73,4133.09,4159.77,4124.03
22082022,4137.99,4195.08,4195.08,4129.86
19082022,4228.48,4266.31,4266.31,4218.7
18082022,4283.74,4273.13,4292.53,4261.98
17082022,4274.04,4280.4,4302.18,4253.08
16082022,4305.2,4290.46,4325.28,4277.77
15082022,4297.14,4269.37,4301.79,4256.9
12082022,4280.15,4225.02,4280.47,4219.78
11082022,4207.27,4227.4,4257.91,4201.41
10082022,4210.24,4181.02,4211.03,4177.26
09082022,4122.47,4133.11,4137.3,4112.09
08082022,4140.06,4155.93,4186.62,4128.97
05082022,4145.19,4115.87,4151.58,4107.31
04082022,4151.94,4154.85,4161.29,4135.42
03082022,4155.17,4107.96,4167.66,4107.96
02082022,4091.19,4104.21,4140.47,4079.81
01082022,4118.63,4112.38,4144.95,4096.02
29072022,4130.29,4087.33,4140.15,4079.22
28072022,4072.43,4026.13,4078.95,3992.97
27072022,4023.61,3951.43,4039.56,3951.43
26072022,3921.05,3953.22,3953.22,3910.74
25072022,3966.84,3965.72,3975.3,3943.46
22072022,3961.63,3998.43,4012.44,3938.86
21072022,3998.95,3955.47,3999.29,3927.64
20072022,3959.9,3935.32,3974.13,3922.03
19072022,3936.69,3860.73,3939.81,3860.73
18072022,3830.85,3883.79,3902.44,3818.63
15072022,3863.16,3818,3863.62,3817.18
14072022,3790.38,3763.99,3796.41,3721.56
13072022,3801.78,3779.67,3829.44,3759.07
12072022,3818.8,3851.95,3873.41,3802.36
11072022,3854.43,3880.94,3880.94,3847.22
08072022,3899.38,3888.26,3918.5,3869.34
07072022,3902.62,3858.85,3910.63,3858.85
06072022,3845.08,3831.98,3870.91,3809.37
05072022,3831.39,3792.61,3832.19,3742.06
01072022,3825.33,3781,3829.82,3752.1
30062022,3785.38,3785.99,3818.99,3738.67
29062022,3818.83,3825.09,3836.5,3799.02
28062022,3821.55,3913,3945.86,3820.14
27062022,3900.11,3920.76,3927.72,3889.66
24062022,3911.74,3821.75,3913.65,3821.75
23062022,3795.73,3774.71,3802.58,3743.52
22062022,3759.89,3733.89,3801.79,3717.69
21062022,3764.79,3715.31,3779.65,3715.31
17062022,3674.84,3665.9,3707.71,3636.87
16062022,3666.77,3728.18,3728.18,3639.77
15062022,3789.99,3764.05,3837.56,3722.3
14062022,3735.48,3763.52,3778.18,3705.68
13062022,3749.63,3838.15,3838.15,3734.3
10062022,3900.86,3974.39,3974.39,3900.16
09062022,4017.82,4101.65,4119.1,4017.17
08062022,4115.77,4147.12,4160.14,4107.2
07062022,4160.68,4096.47,4164.86,4080.19
06062022,4121.43,4134.72,4168.78,4109.18
03062022,4108.54,4137.57,4142.67,4098.67
02062022,4176.82,4095.41,4177.51,4074.37
01062022,4101.23,4149.78,4166.54,4073.85
31052022,4132.15,4151.09,4168.34,4104.88
27052022,4158.24,4077.43,4158.49,4077.43
26052022,4057.84,3984.6,4075.14,3984.6
25052022,3978.73,3929.59,3999.33,3925.03
24052022,3941.48,3942.94,3955.68,3875.13
23052022,3973.75,3919.42,3981.88,3909.04
20052022,3901.36,3927.76,3943.42,3810.32
19052022,3900.79,3899,3945.96,3876.58
18052022,3923.68,4051.98,4051.98,3911.91
17052022,4088.85,4052,4090.72,4033.93
16052022,4008.01,4013.02,4046.46,3983.99
13052022,4023.89,3963.9,4038.88,3963.9
12052022,3930.08,3903.95,3964.8,3858.87
11052022,3935.18,3990.08,4049.09,3928.82
10052022,4001.05,4035.18,4068.82,3958.17
09052022,3991.24,4081.27,4081.27,3975.48
06052022,4123.34,4128.17,4157.69,4067.91
05052022,4146.87,4270.43,4270.43,4106.01
04052022,4300.17,4181.18,4307.66,4148.91
03052022,4175.48,4159.78,4200.1,4147.08
02052022,4155.38,4130.61,4169.81,4062.51
29042022,4131.93,4253.75,4269.68,4124.28
28042022,4287.5,4222.58,4308.45,4188.63
27042022,4183.96,4186.52,4240.71,4162.9
26042022,4175.2,4278.14,4278.14,4175.04
25042022,4296.12,4255.34,4299.02,4200.82
22042022,4271.78,4385.83,4385.83,4267.62
21042022,4393.66,4489.17,4512.94,4384.47
20042022,4459.45,4472.26,4488.29,4448.76
19042022,4462.21,4390.63,4471.03,4390.63
18042022,4391.69,4385.63,4410.31,4370.3
14042022,4392.59,4449.12,4460.46,4390.77
13042022,4446.59,4394.3,4453.92,4392.7
12042022,4397.45,4437.59,4471,4381.34
11042022,4412.53,4462.64,4464.35,4408.38
08042022,4488.28,4494.15,4520.41,4474.6
07042022,4500.21,4474.65,4521.16,4450.3
06042022,4481.15,4494.17,4503.94,4450.04
05042022,4525.12,4572.45,4593.45,4514.17
04042022,4582.64,4547.97,4583.5,4539.21
01042022,4545.86,4540.32,4548.7,4507.57
31032022,4530.41,4599.02,4603.07,4530.41
30032022,4602.45,4624.2,4627.77,4581.32
29032022,4631.6,4602.86,4637.3,4589.66
28032022,4575.52,4541.09,4575.65,4517.69
25032022,4543.06,4522.91,4546.03,4501.07
24032022,4520.16,4469.98,4520.58,4465.17
23032022,4456.24,4493.1,4501.07,4455.81
22032022,4511.61,4469.1,4522,4469.1
21032022,4461.18,4462.4,4481.75,4424.3
18032022,4463.12,4407.34,4465.4,4390.57
17032022,4411.67,4345.11,4412.67,4335.65
16032022,4357.86,4288.14,4358.9,4251.99
15032022,4262.45,4188.82,4271.05,4187.9
14032022,4173.11,4202.75,4247.57,4161.72
11032022,4204.31,4279.5,4291.01,4200.49
10032022,4259.52,4252.55,4268.28,4209.8
09032022,4277.88,4223.1,4299.4,4223.1
08032022,4170.7,4202.66,4276.94,4157.87
07032022,4201.09,4327.01,4327.01,4199.85
04032022,4328.87,4342.12,4342.12,4284.98
03032022,4363.49,4401.31,4416.78,4345.56
02032022,4386.54,4322.56,4401.48,4322.56
01032022,4306.26,4363.14,4378.45,4279.54
28022022,4373.94,4354.17,4388.84,4315.12
25022022,4384.65,4298.38,4385.34,4286.83
24022022,4288.7,4155.77,4294.73,4114.65
23022022,4225.5,4324.93,4341.51,4221.51
22022022,4304.76,4332.74,4362.12,4267.11
18022022,4348.87,4384.57,4394.6,4327.22
17022022,4380.26,4456.06,4456.06,4373.81
16022022,4475.01,4455.75,4489.55,4429.68
15022022,4471.07,4429.28,4472.77,4429.28
14022022,4401.67,4412.61,4426.22,4364.84
11022022,4418.64,4506.27,4526.33,4401.41
10022022,4504.1,4553.2,4588.9,4484.3
09022022,4587.2,4547,4590,4547
08022022,4521.5,4480,4531.3,4465.4
07022022,4483.9,4505.8,4521.9,4471.5
04022022,4500.5,4482.8,4539.7,4451.5
03022022,4477.4,4535.4,4542.9,4470.4
02022022,4589.4,4566.4,4595.3,4544.3
01022022,4546.5,4519.6,4550.5,4483.5
31012022,4515.6,4431.8,4516.9,4414
28012022,4431.9,4336.2,4432.7,4292.5
27012022,4326.5,4380.6,4428.7,4309.5
26012022,4349.9,4408.4,4453.2,4304.8
25012022,4356.4,4366.6,4411,4287.1
24012022,4410.1,4356.3,4417.4,4222.6
21012022,4397.9,4471.4,4494.5,4395.3
20012022,4482.7,4547.4,4602.1,4477.9
19012022,4532.8,4588,4611.6,4530.2
18012022,4577.1,4632.2,4632.2,4568.7
14012022,4662.9,4638,4665.1,4614.8
13012022,4659,4733.6,4744.1,4650.3
12012022,4726.4,4728.6,4748.8,4706.7
11012022,4713.1,4669.1,4714.1,4638.3
10012022,4670.3,4655.3,4673,4582.2
07012022,4677,4697.7,4707.9,4662.7
06012022,4696.1,4693.4,4725,4671.3
05012022,4700.6,4788,4797.7,4699.4
04012022,4793.5,4804.5,4818.6,4774.3
03012022,4796.6,4778.1,4796.6,4758.2
31122021,4766.2,4775.2,4786.8,4765.8
30122021,4778.7,4794.2,4808.9,4775.3
29122021,4793.1,4788.6,4804.1,4778.1
28122021,4786.4,4795.5,4807,4780
27122021,4791.2,4734,4791.5,4734
23122021,4725.8,4704,4740.7,4704
22122021,4696.6,4650.4,4697.7,4645.5
21122021,4649.2,4595,4651.1,4583.2
20122021,4568,4587.9,4587.9,4531.1
17122021,4620.6,4652.5,4666.7,4600.2
16122021,4668.7,4719.1,4732,4651.9
15122021,4709.9,4636.5,4712.6,4611.2
14122021,4634.1,4643,4660.5,4606.5
13122021,4669,4710.3,4710.3,4667.6
10122021,4712,4687.6,4713.6,4670.2
09122021,4667.4,4691,4695.3,4666
08122021,4701.2,4690.9,4705.1,4674.5
07122021,4686.8,4632,4694,4632
06122021,4591.7,4548.4,4612.6,4540.5
03122021,4538.4,4589.5,4608,4495.1
02122021,4577.1,4504.7,4595.5,4504.7
01122021,4513,4602.8,4652.9,4510.3
30112021,4567,4640.2,4646,4560
29112021,4655.3,4628.8,4672.9,4625.3
26112021,4594.6,4664.6,4664.6,4585.4
24112021,4701.5,4675.8,4702.9,4659.9
23112021,4690.7,4678.5,4699.4,4652.7
22112021,4682.9,4712,4743.8,4682.2
19112021,4698,4708.4,4717.8,4694.2
18112021,4704.5,4700.7,4708.8,4672.8
17112021,4688.7,4701.5,4701.5,4684.4
16112021,4700.9,4679.4,4714.9,4679.4
15112021,4682.8,4689.3,4697.4,4672.9
12112021,4682.9,4655.2,4688.5,4650.8
11112021,4649.3,4659.4,4664.6,4648.3
10112021,4646.7,4670.3,4684.9,4630.9
09112021,4685.2,4707.2,4708.5,4670.9
08112021,4701.7,4701.5,4714.9,4694.4
05112021,4697.5,4699.3,4718.5,4681.3
04112021,4680.1,4662.9,4683,4662.6
03112021,4660.6,4630.6,4663.5,4621.2
02112021,4630.6,4613.3,4635.1,4613.3
01112021,4613.7,4610.6,4620.3,4595.1
29102021,4605.4,4572.9,4608.1,4567.6
28102021,4596.4,4562.8,4597.6,4562.8
27102021,4551.7,4580.2,4584.6,4551.7
26102021,4574.8,4578.7,4598.5,4569.2
25102021,4566.5,4553.7,4572.6,4537.4
22102021,4544.9,4546.1,4559.7,4524
21102021,4549.8,4532.2,4551.4,4526.9
20102021,4536.2,4524.4,4540.9,4524.4
19102021,4519.6,4497.3,4520.4,4496.4
18102021,4486.5,4463.7,4488.8,4447.5
15102021,4471.4,4447.7,4475.8,4447.7
14102021,4438.3,4386.8,4439.7,4386.8
13102021,4363.8,4358,4372.9,4329.9
12102021,4350.6,4368.3,4374.9,4342.1
11102021,4361.2,4385.4,4415.9,4360.6
08102021,4391.3,4406.5,4412,4386.2
07102021,4399.8,4383.7,4430,4383.7
06102021,4363.6,4319.6,4365.6,4290.5
05102021,4345.7,4309.9,4369.2,4309.9
04102021,4300.5,4348.8,4355.5,4278.9
01102021,4357,4317.2,4375.2,4288.5
30092021,4307.5,4370.7,4382.6,4306.2
29092021,4359.5,4362.4,4385.6,4355.1
28092021,4352.6,4419.5,4419.5,4346.3
27092021,4443.1,4442.1,4457.3,4436.2
24092021,4455.5,4438,4463.1,4430.3
23092021,4449,4406.8,4465.4,4406.8
22092021,4395.6,4367.4,4416.8,4367.4
21092021,4354.2,4374.4,4394.9,4348
20092021,4357.7,4402.9,4402.9,4305.9
17092021,4433,4469.7,4471.5,4427.8
16092021,4473.8,4477.1,4485.9,4443.8
15092021,4480.7,4447.5,4486.9,4438.4
14092021,4443.1,4479.3,4485.7,4435.5
13092021,4468.7,4474.8,4493,4445.7
10092021,4458.6,4506.9,4520.5,4457.7
09092021,4493.3,4513,4529.9,4492.1
08092021,4514.1,4518.1,4521.8,4493.9
07092021,4520,4535.4,4535.4,4513
03092021,4535.4,4532.4,4541.4,4521.3
02092021,4536.9,4534.5,4545.9,4524.7
01092021,4524.1,4528.8,4537.1,4522
31082021,4522.7,4529.8,4531.4,4515.8
30082021,4528.8,4513.8,4537.4,4513.8
27082021,4509.4,4474.1,4513.3,4474.1
26082021,4470,4493.8,4495.9,4469
25082021,4496.2,4490.4,4501.7,4485.7
24082021,4486.2,4484.4,4492.8,4482.3
23082021,4479.5,4450.3,4489.9,4450.3
20082021,4441.7,4410.6,4444.4,4406.8
19082021,4405.8,4382.4,4418.6,4367.7
18082021,4400.3,4440.9,4454.3,4397.6
17082021,4448.1,4462.1,4462.1,4417.8
16082021,4479.7,4461.6,4480.3,4437.7
13082021,4468,4464.8,4468.4,4460.8
12082021,4460.8,4446.1,4461.8,4436
11082021,4447.7,4442.2,4449.4,4436.4
10082021,4436.8,4435.8,4445.2,4430
09082021,4432.4,4437.8,4439.4,4424.7
06082021,4436.5,4429.1,4440.8,4429.1
05082021,4429.1,4408.9,4429.8,4408.9
04082021,4402.7,4415.9,4416.2,4400.2
03082021,4423.1,4392.7,4423.8,4373
02082021,4387.2,4406.9,4422.2,4384.8
30072021,4395.3,4395.1,4412.2,4389.6
29072021,4419.1,4403.6,4430,4403.6
28072021,4400.6,4402.9,4415.5,4387
27072021,4401.5,4416.4,4416.4,4372.5
26072021,4422.3,4409.6,4422.7,4405.4
23072021,4411.8,4381.2,4415.2,4381.2
22072021,4367.5,4361.3,4369.9,4350.1
21072021,4358.7,4331.1,4359.7,4331.1
20072021,4323.1,4265.1,4336.8,4262.1
19072021,4258.5,4296.4,4296.4,4233.1
16072021,4327.2,4367.4,4375.1,4322.5
15072021,4360,4369,4369,4340.7
14072021,4374.3,4380.1,4393.7,4362.4
13072021,4369.2,4381.1,4392.4,4366.9
12072021,4384.6,4372.4,4386.7,4364
09072021,4369.6,4329.4,4371.6,4329.4
08072021,4320.8,4321.1,4330.9,4289.4
07072021,4358.1,4351,4361.9,4329.8
06072021,4343.5,4356.5,4356.5,4314.4
02072021,4352.3,4326.6,4355.4,4326.6
01072021,4319.9,4300.7,4320.7,4300.7
30062021,4297.5,4290.6,4302.4,4288
29062021,4291.8,4293.2,4300.5,4287
28062021,4290.6,4284.9,4292.1,4274.7
25062021,4280.7,4274.4,4286.1,4271.2
24062021,4266.5,4257,4271.3,4257
23062021,4241.8,4249.3,4256.6,4241.4
22062021,4246.4,4224.6,4255.8,4217.3
21062021,4224.8,4173.4,4226.2,4173.4
18062021,4166.4,4204.8,4204.8,4164.4
17062021,4221.9,4220.4,4232.3,4196.1
16062021,4223.7,4248.9,4251.9,4202.4
15062021,4246.6,4255.3,4257.2,4238.4
14062021,4255.1,4248.3,4255.6,4234.1
11062021,4247.4,4242.9,4248.4,4232.2
10062021,4239.2,4228.6,4249.7,4220.3
09062021,4219.6,4233,4237.1,4218.7
08062021,4227.3,4233.8,4236.7,4208.4
07062021,4226.5,4229.3,4232.3,4215.7
04062021,4229.9,4206.1,4233.4,4206.1
03062021,4192.9,4191.4,4204.4,4167.9
02062021,4208.1,4206.8,4217.4,4198.3
01062021,4202,4216.5,4234.1,4197.6
28052021,4204.1,4210.8,4218.4,4203.6
27052021,4200.9,4201.9,4213.4,4197.8
26052021,4196,4191.6,4202.6,4184.1
25052021,4188.1,4205.9,4213.4,4182.5
24052021,4197.1,4170.2,4209.5,4170.2
21052021,4155.9,4168.6,4188.7,4151.7
20052021,4159.1,4122,4172.8,4122
19052021,4115.7,4098.4,4116.9,4061.4
18052021,4127.8,4165.9,4169.1,4126
17052021,4163.3,4169.9,4171.9,4142.7
14052021,4173.9,4129.6,4183.1,4129.6
13052021,4112.5,4075,4131.6,4075
12052021,4063,4130.6,4134.7,4056.9
11052021,4152.1,4150.3,4162,4111.5
10052021,4188.4,4228.3,4236.4,4188.1
07052021,4232.6,4210.3,4238,4201.6
06052021,4201.6,4169.1,4202.7,4147.3
05052021,4167.6,4177.1,4187.7,4160.9
04052021,4164.7,4179,4179,4128.6
03052021,4192.7,4192,4209.4,4188
30042021,4181.2,4198.1,4198.1,4174.9
29042021,4211.5,4206.1,4218.8,4176.8
28042021,4183.2,4185.1,4201.5,4181.8
27042021,4186.7,4188.2,4193.4,4176.2
26042021,4187.6,4185,4194.2,4182.4
23042021,4180.2,4138.8,4194.2,4138.8
22042021,4135,4170.5,4179.6,4123.7
21042021,4173.4,4128.4,4175,4126.4
20042021,4134.9,4159.2,4159.2,4118.4
19042021,4163.3,4179.8,4180.8,4150.5
16042021,4185.5,4174.1,4191.3,4170.8
15042021,4170.4,4139.8,4173.5,4139.8
14042021,4124.7,4141.6,4151.7,4120.9
13042021,4141.6,4130.1,4148,4124.4
12042021,4128,4124.7,4131.8,4114.8
09042021,4128.8,4096.1,4129.5,4095.5
08042021,4097.2,4089.9,4098.2,4082.5
07042021,4079.9,4074.3,4083.1,4068.3
06042021,4073.9,4075.6,4086.2,4068.1
05042021,4077.9,4034.4,4083.4,4034.4
01042021,4019.9,3992.8,4020.6,3992.8
31032021,3972.9,3967.2,3994.4,3967
30032021,3958.6,3963.3,3968,3944.3
29032021,3971.1,3969.3,3981.8,3943.2
26032021,3974.5,3917.1,3978.2,3917.1
25032021,3909.5,3879.3,3919.5,3853.5
24032021,3889.1,3919.9,3942.1,3889.1
23032021,3910.5,3937.6,3949.1,3901.6
22032021,3940.6,3916.5,3955.3,3914.2
19032021,3913.1,3913.1,3930.1,3886.8
18032021,3915.5,3953.5,3969.6,3910.9
17032021,3974.1,3949.6,3983.9,3935.7
16032021,3962.7,3973.6,3981,3953.4
15032021,3968.9,3943,3970.1,3923.5
12032021,3943.3,3924.5,3945,3915.2
11032021,3939.3,3915.5,3960.3,3915.5
10032021,3898.8,3892,3917.3,3885.7
09032021,3875.4,3851.9,3903.8,3851.9
08032021,3821.3,3844.4,3881.1,3819.2
05032021,3841.9,3793.6,3851.7,3730.2
04032021,3768.5,3818.5,3843.7,3723.3
03032021,3819.7,3864,3874.5,3818.9
02032021,3870.3,3903.6,3906.4,3868.6
01032021,3901.8,3842.5,3914.5,3842.5
26022021,3811.2,3839.7,3861.1,3789.5
25022021,3829.3,3915.8,3925,3814
24022021,3925.4,3873.7,3928.7,3859.6
23022021,3881.4,3857.1,3896,3805.6
22022021,3876.5,3885.6,3902.9,3874.7
19022021,3906.7,3921.2,3930.4,3903.1
18022021,3914,3915.9,3922,3885
17022021,3931.3,3918.5,3933.6,3900.4
16022021,3932.6,3939.6,3950.4,3923.8
12022021,3934.8,3911.7,3937.2,3905.8
11022021,3916.4,3916.4,3926,3890.4
10022021,3909.9,3920.8,3931.5,3884.9
09022021,3911.2,3910.5,3918.3,3902.6
08022021,3915.6,3892.6,3915.8,3892.6
05022021,3886.8,3878.3,3894.6,3874.9
04022021,3871.7,3836.7,3872.4,3836.7
03022021,3830.2,3840.3,3847.5,3816.7
02022021,3826.3,3791.8,3843.1,3791.8
01022021,3773.9,3731.2,3784.3,3725.6
29012021,3714.2,3778.1,3778.1,3694.1
28012021,3787.4,3755.8,3830.5,3755.8
27012021,3750.8,3836.8,3836.8,3732.5
26012021,3849.6,3863,3870.9,3847.8
25012021,3855.4,3851.7,3859.2,3797.2
22012021,3841.5,3844.2,3852.3,3830.4
21012021,3853.1,3857.5,3861.4,3845.1
20012021,3851.8,3816.2,3859.8,3816.2
19012021,3798.9,3781.9,3804.5,3780.4
15012021,3768.2,3788.7,3788.7,3749.6
14012021,3795.5,3815,3823.6,3792.9
13012021,3809.8,3802.2,3821,3791.5
12012021,3801.2,3801.6,3810.8,3776.5
11012021,3799.6,3803.1,3817.9,3789
08012021,3824.7,3815.1,3826.7,3783.6
07012021,3803.8,3764.7,3811.6,3764.7
06012021,3748.1,3712.2,3783,3705.3
05012021,3726.9,3698,3737.8,3695.1
04012021,3700.7,3764.6,3770,3662.7
31122020,3756.1,3733.3,3760.2,3726.9
30122020,3732,3736.2,3744.6,3730.2
29122020,3727,3750,3756.1,3723.3
28122020,3735.4,3723,3740.5,3723
24122020,3703.1,3694,3703.8,3689.3
23122020,3690,3693.4,3711.2,3689.3
22122020,3687.3,3698.1,3698.3,3676.2
21122020,3694.9,3684.3,3702.9,3636.5
18122020,3709.4,3722.4,3726.7,3685.8
17122020,3722.5,3713.7,3725.1,3710.9
16122020,3701.2,3696.2,3711.3,3688.6
15122020,3694.6,3666.4,3695.3,3659.6
14122020,3647.5,3675.3,3697.6,3645.8
11122020,3663.5,3656.1,3665.9,3633.4
10122020,3668.1,3659.1,3678.5,3645.2
09122020,3672.8,3706,3712.4,3660.5
08122020,3702.2,3683.1,3708.4,3678.8
07122020,3692,3694.7,3697.4,3678.9
04122020,3699.1,3670.9,3699.2,3670.9
03122020,3666.7,3668.3,3682.7,3657.2
02122020,3669,3653.8,3671,3644.8
01122020,3662.4,3645.9,3678.4,3645.9
30112020,3621.6,3634.2,3634.2,3594.4
27112020,3638.3,3638.6,3644.3,3629.3
25112020,3629.7,3635.5,3635.5,3617.8
24112020,3635.4,3594.5,3642.3,3594.5
23112020,3577.6,3566.8,3589.8,3552.8
20112020,3557.5,3579.3,3581.2,3556.8
19112020,3581.9,3559.4,3585.2,3543.8
18112020,3567.8,3612.1,3619.1,3567.3
17112020,3609.5,3610.3,3623.1,3588.7
16112020,3626.9,3600.2,3628.5,3600.2
13112020,3585.2,3552.6,3593.7,3552.6
12112020,3537,3562.7,3569,3518.6
11112020,3572.7,3563.2,3581.2,3557
10112020,3545.5,3543.3,3557.2,3511.9
09112020,3550.5,3583,3646,3547.5
06112020,3509.4,3508.3,3521.6,3484.3
05112020,3510.4,3485.7,3529.1,3485.7
04112020,3443.4,3406.5,3486.2,3405.2
03112020,3369.2,3336.2,3389.5,3336.2
02112020,3310.2,3296.2,3330.1,3279.7
30102020,3270,3293.6,3304.9,3233.9
29102020,3310.1,3277.2,3341.1,3259.8
28102020,3271,3342.5,3342.5,3268.9
27102020,3390.7,3403.2,3409.5,3388.7
26102020,3401,3441.4,3441.4,3364.9
23102020,3465.4,3464.9,3466.5,3440.4
22102020,3453.5,3438.5,3460.5,3415.3
21102020,3435.6,3439.9,3464.9,3433.1
20102020,3443.1,3439.4,3476.9,3435.7
19102020,3426.9,3493.7,3502.4,3419.9
16102020,3483.8,3493.5,3515.8,3480.4
15102020,3483.3,3453.7,3489.1,3440.9
14102020,3488.7,3515.5,3527.9,3480.6
13102020,3511.9,3534,3534,3500.9
12102020,3534.2,3500,3549.8,3499.6
09102020,3477.1,3459.7,3482.3,3458.1
08102020,3446.8,3434.3,3447.3,3428.2
07102020,3419.4,3384.6,3426.3,3384.6
06102020,3360.9,3408.7,3431.6,3354.5
05102020,3408.6,3367.3,3409.6,3367.3
02102020,3348.4,3338.9,3369.1,3323.7
01102020,3380.8,3385.9,3397.2,3361.4
30092020,3363,3341.2,3393.6,3340.5
29092020,3335.5,3350.9,3357.9,3327.5
28092020,3351.6,3333.9,3360.7,3332.9
25092020,3298.5,3236.7,3306.9,3228.4
24092020,3246.6,3226.1,3278.7,3209.4
23092020,3236.9,3320.1,3323.3,3232.6
22092020,3315.6,3295.8,3320.3,3270.9
21092020,3281.1,3285.6,3285.6,3229.1
18092020,3319.5,3357.4,3362.3,3292.4
17092020,3357,3346.9,3375.2,3328.8
16092020,3385.5,3411.2,3428.9,3384.4
15092020,3401.2,3407.7,3419.5,3389.2
14092020,3383.5,3363.6,3402.9,3363.6
11092020,3341,3352.7,3368.9,3310.5
10092020,3339.2,3412.6,3425.6,3329.2
09092020,3399,3369.8,3424.8,3366.8
08092020,3331.8,3371.9,3380,3329.3
04092020,3427,3453.6,3479.2,3349.6
03092020,3455.1,3564.7,3564.8,3427.4
02092020,3580.8,3543.8,3588.1,3535.2
01092020,3526.7,3507.4,3528,3494.6
31082020,3500.3,3509.7,3514.8,3493.2
28082020,3508,3494.7,3509.2,3484.3
27082020,3484.6,3485.1,3501.4,3468.3
26082020,3478.7,3450,3481.1,3444.2
25082020,3443.6,3435.9,3444.2,3425.8
24082020,3431.3,3418.1,3432.1,3413.1
21082020,3397.2,3386,3400,3379.3
20082020,3385.5,3360.5,3390.8,3354.7
19082020,3374.8,3392.5,3399.5,3369.7
18082020,3389.8,3387,3395.1,3370.2
17082020,3382,3380.9,3387.6,3379.2
14082020,3372.8,3368.7,3378.5,3361.6
13082020,3373.4,3372.9,3387.2,3363.3
12082020,3380.3,3355.5,3387.9,3355.5
11082020,3333.7,3370.3,3381,3326.4
10082020,3360.5,3356,3363.3,3335.4
07082020,3351.3,3340.1,3352.5,3328.7
06082020,3349.2,3323.2,3351,3318.1
05082020,3327.8,3317.4,3330.8,3317.4
04082020,3306.5,3289.9,3306.8,3286.4
03082020,3294.6,3288.3,3302.7,3284.5
31072020,3271.1,3270.4,3272.2,3220.3
30072020,3246.2,3231.8,3250.9,3204.1
29072020,3258.4,3227.2,3264.7,3227.2
28072020,3218.4,3234.3,3243.7,3216.2
27072020,3239.4,3219.8,3241.4,3214.2
24072020,3215.6,3218.6,3227.3,3200.1
23072020,3235.7,3271.6,3280,3222.7
22072020,3276,3254.9,3279.3,3253.1
21072020,3257.3,3268.5,3277.3,3247.8
20072020,3251.8,3224.3,3258.6,3215.2
17072020,3224.7,3224.2,3233.5,3205.7
16072020,3215.6,3208.4,3220.4,3198.6
15072020,3226.6,3226,3238.3,3200.8
14072020,3197.5,3141.1,3200.9,3127.7
13072020,3155.2,3205.1,3235.3,3149.4
10072020,3185,3152.5,3186.8,3136.2
09072020,3152.1,3176.2,3179.8,3115.7
08072020,3169.9,3153.1,3171.8,3136.5
07072020,3145.3,3166.4,3184.2,3142.9
06072020,3179.7,3155.3,3182.6,3155.3
02072020,3130,3143.6,3165.8,3124.5
01072020,3115.9,3105.9,3128.4,3101.2
30062020,3100.3,3050.2,3111.5,3047.8
29062020,3053.2,3018.6,3053.9,2999.7
26062020,3009.1,3073.2,3073.7,3004.6
25062020,3083.8,3046.6,3086.2,3024
24062020,3050.3,3114.4,3115,3032.1
23062020,3131.3,3138.7,3154.9,3127.1
22062020,3117.9,3094.4,3120.9,3079.4
19062020,3097.7,3140.3,3155.5,3083.1
18062020,3115.3,3101.6,3120,3093.5
17062020,3113.5,3136.1,3141.2,3108
16062020,3124.7,3131,3153.4,3076.1
15062020,3066.6,2993.8,3079.8,2965.7
12062020,3041.3,3071,3088.4,2984.5
11062020,3002.1,3123.5,3123.5,2999.5
10062020,3190.1,3213.4,3223.3,3181.5
09062020,3207.2,3213.3,3222.7,3193.1
08062020,3232.4,3199.9,3233.1,3196
05062020,3193.9,3163.8,3211.7,3163.8
04062020,3112.3,3111.6,3128.9,3090.4
03062020,3122.9,3098.9,3130.9,3098.9
02062020,3080.8,3064.8,3081.1,3051.6
01062020,3055.7,3038.8,3062.2,3031.5
29052020,3044.3,3025.2,3049.2,2998.6
28052020,3029.7,3046.6,3068.7,3023.4
27052020,3036.1,3015.7,3036.2,2969.8
26052020,2991.8,3004.1,3021.7,2988.2
22052020,2955.4,2948.1,2956.8,2933.6
21052020,2948.5,2969.9,2978.5,2938.6
20052020,2971.6,2953.6,2980.3,2953.6
19052020,2922.9,2948.6,2964.2,2922.3
18052020,2953.9,2913.9,2968.1,2913.9
15052020,2863.7,2829.9,2865,2816.8
14052020,2852.5,2794.5,2852.8,2766.6
13052020,2820,2865.9,2874.1,2793.2
12052020,2870.1,2939.5,2945.8,2869.6
11052020,2930.3,2915.5,2944.2,2903.4
08052020,2929.8,2908.8,2932.2,2902.9
07052020,2881.2,2878.3,2901.9,2876.5
06052020,2848.4,2883.1,2891.1,2847.7
05052020,2868.4,2868.9,2898.2,2863.6
04052020,2842.7,2815,2844.2,2797.8
01052020,2830.7,2869.1,2869.1,2821.6
30042020,2912.4,2930.9,2930.9,2892.5
29042020,2939.5,2918.5,2954.9,2912.2
28042020,2863.4,2910,2921.2,2860.7
27042020,2878.5,2854.7,2887.7,2852.9
24042020,2836.7,2812.6,2842.7,2791.8
23042020,2797.8,2810.4,2844.9,2794.3
22042020,2799.3,2787.9,2815.1,2775.9
21042020,2736.6,2784.8,2785.5,2727.1
20042020,2823.2,2845.6,2869,2820.4
17042020,2874.6,2842.4,2879.2,2830.9
16042020,2799.6,2799.3,2806.5,2764.3
15042020,2783.4,2795.6,2801.9,2761.5
14042020,2846.1,2805.1,2851.8,2805.1
13042020,2761.6,2782.5,2782.5,2721.2
09042020,2789.8,2777,2818.6,2762.4
08042020,2750,2685,2760.8,2663.3
07042020,2659.4,2738.7,2756.9,2657.7
06042020,2663.7,2578.3,2676.8,2574.6
03042020,2488.7,2514.9,2538.2,2460
02042020,2526.9,2458.5,2533.2,2455.8
01042020,2470.5,2498.1,2522.8,2447.5
31032020,2584.6,2614.7,2641.4,2571.2
30032020,2626.7,2559,2631.8,2545.3
27032020,2541.5,2555.9,2615.9,2520
26032020,2630.1,2501.3,2637,2500.7
25032020,2475.6,2457.8,2571.4,2407.5
24032020,2447.3,2344.4,2449.7,2344.4
23032020,2237.4,2290.7,2300.7,2191.9
20032020,2304.9,2431.9,2453,2295.6
19032020,2409.4,2393.5,2467,2319.8
18032020,2398.1,2436.5,2453.6,2280.5
17032020,2529.2,2425.7,2553.9,2367
16032020,2386.1,2508.6,2563,2380.9
13032020,2711,2570,2711.3,2492.4
12032020,2480.6,2630.9,2660.9,2478.9
11032020,2741.4,2825.6,2825.6,2707.2
10032020,2882.2,2813.5,2882.6,2734
09032020,2746.6,2863.9,2863.9,2734.4
06032020,2972.4,2954.2,2985.9,2901.5
05032020,3023.9,3075.7,3083,2999.8
04032020,3130.1,3045.8,3131,3034.4
03032020,3003.4,3096.5,3136.7,2976.6
02032020,3090.2,2974.3,3091,2945.2
28022020,2954.2,2916.9,2959.7,2855.8
27022020,2978.8,3062.5,3097.1,2977.4
26022020,3116.4,3139.9,3182.5,3109
25022020,3128.2,3238.9,3247,3118.8
24022020,3225.9,3257.6,3259.8,3214.7
21022020,3337.8,3360.5,3360.8,3328.4
20022020,3373.2,3380.4,3389.2,3341
19022020,3386.2,3380.4,3393.5,3378.8
18022020,3370.3,3369,3375,3355.6
14022020,3380.2,3378.1,3380.7,3366.2
13022020,3373.9,3365.9,3385.1,3360.5
12022020,3379.4,3370.5,3381.5,3369.7
11022020,3357.8,3365.9,3375.6,3352.7
10022020,3352.1,3318.3,3352.3,3317.8
07022020,3327.7,3335.5,3341.4,3322.1
06022020,3345.8,3344.9,3348,3334.4
05022020,3334.7,3324.9,3337.6,3313.8
04022020,3297.6,3280.6,3306.9,3280.6
03022020,3248.9,3235.7,3268.4,3235.7
31012020,3225.5,3282.3,3282.3,3214.7
30012020,3283.7,3256.4,3285.9,3242.8
29012020,3273.4,3289.5,3293.5,3271.9
28012020,3276.2,3255.3,3285.8,3253.2
27012020,3243.6,3247.2,3258.8,3234.5
24012020,3295.5,3333.1,3333.2,3281.5
23012020,3325.5,3315.8,3326.9,3301.9
22012020,3321.8,3330,3337.8,3320
21012020,3320.8,3321,3329.8,3316.6
17012020,3329.6,3323.7,3329.9,3318.9
16012020,3316.8,3303,3317.1,3302.8
15012020,3289.3,3282.3,3298.7,3280.7
14012020,3283.2,3285.3,3294.2,3277.2
13012020,3288.1,3271.1,3288.1,3268.4
10012020,3265.3,3281.8,3283,3260.9
09012020,3274.7,3266,3275.6,3263.7
08012020,3253.1,3238.6,3267.1,3236.7
07012020,3237.2,3241.9,3244.9,3232.4
06012020,3246.3,3217.6,3246.8,3214.6
03012020,3234.8,3226.4,3246.2,3222.3
02012020,3257.8,3244.7,3258.1,3235.5
31122019,3230.8,3215.2,3231.7,3212
30122019,3221.3,3240.1,3240.9,3216.6
27122019,3240,3247.2,3247.9,3234.4
26122019,3239.9,3227.2,3240.1,3227.2
24122019,3223.4,3225.4,3226.4,3220.5
23122019,3224,3226.1,3227.8,3222.3
20122019,3221.2,3223.3,3225.7,3216
19122019,3205.4,3192.3,3205.5,3192.3
18122019,3191.1,3195.2,3198.5,3191.1
17122019,3192.5,3195.4,3198.2,3191
16122019,3191.4,3183.6,3197.7,3183.6
13122019,3168.8,3166.7,3182.7,3156.5
12122019,3168.6,3141.2,3176.3,3138.5
11122019,3141.6,3135.8,3144,3133.2
10122019,3132.5,3135.4,3142.1,3126.1
09122019,3136,3141.9,3148.9,3135.5
06122019,3145.9,3134.6,3150.6,3134.6
05122019,3117.4,3119.2,3119.4,3103.8
04122019,3112.8,3103.5,3119.4,3102.5
03122019,3093.2,3087.4,3095,3070.3
02122019,3113.9,3143.8,3144.3,3110.8
29112019,3141,3147.2,3150.3,3139.3
27112019,3153.6,3145.5,3154.3,3143.4
26112019,3140.5,3134.8,3142.7,3131
25112019,3133.6,3117.4,3133.8,3117.4
22112019,3110.3,3111.4,3112.9,3099.3
21112019,3103.5,3108.5,3110.1,3094.6
20112019,3108.5,3114.7,3119,3091.4
19112019,3120.2,3127.4,3127.6,3113.5
18112019,3122,3117.9,3124.2,3112.1
15112019,3120.5,3107.9,3120.5,3104.6
14112019,3096.6,3090.8,3098.2,3083.3
13112019,3094,3084.2,3098.1,3078.8
12112019,3091.8,3089.3,3102.6,3084.7
11112019,3087,3080.3,3088.3,3075.8
08112019,3093.1,3081.2,3093.1,3073.6
07112019,3085.2,3087,3097.8,3080.2
06112019,3076.8,3075.1,3078.3,3065.9
05112019,3074.6,3080.8,3083.9,3072.2
04112019,3078.3,3079,3085.2,3074.9
01112019,3066.9,3050.7,3066.9,3050.7
31102019,3037.6,3046.9,3046.9,3023.2
30102019,3046.8,3039.7,3050.1,3026
29102019,3036.9,3035.4,3047.9,3034.8
28102019,3039.4,3032.1,3044.1,3032.1
25102019,3022.6,3003.3,3027.4,3001.9
24102019,3010.3,3014.8,3016.1,3000.4
23102019,3004.5,2994,3004.8,2991.2
22102019,2996,3010.7,3014.6,2995
21102019,3006.7,2996.5,3007.3,2995.3
18102019,2986.2,2996.8,3000,2976.3
17102019,2997.9,3000.8,3008.3,2991.8
16102019,2989.7,2989.7,2997.5,2985.2
15102019,2995.7,2973.6,3003.3,2973.6
14102019,2966.2,2965.8,2972.8,2962.9
11102019,2970.3,2963.1,2993.3,2963.1
10102019,2938.1,2918.6,2948.5,2917.1
09102019,2919.4,2911.1,2929.3,2907.4
08102019,2893.1,2920.4,2925.5,2892.7
07102019,2938.8,2944.2,2959.8,2935.7
04102019,2952,2918.6,2953.7,2918.6
03102019,2910.6,2885.4,2911.1,2855.9
02102019,2887.6,2924.8,2924.8,2874.9
01102019,2940.2,2983.7,2992.5,2938.7
30092019,2976.7,2967.1,2983.8,2967.1
27092019,2961.8,2985.5,2987.3,2945.5
26092019,2977.6,2985.7,2987.3,2963.7
25092019,2984.9,2968.3,2989.8,2952.9
24092019,2966.6,3002.4,3008,2957.7
23092019,2991.8,2983.5,2999.2,2982.2
20092019,2992.1,3008.4,3016.4,2984.7
19092019,3006.8,3010.4,3022,3003.2
18092019,3006.7,3001.5,3007.8,2978.6
17092019,3005.7,2995.7,3006.2,2993.7
16092019,2998,2996.4,3002.2,2990.7
13092019,3007.4,3012.2,3017.3,3002.9
12092019,3009.6,3009.1,3020.7,3000.9
11092019,3000.9,2981.4,3000.9,2975.3
10092019,2979.4,2971,2979.4,2957
09092019,2978.4,2988.4,2989.4,2969.4
06092019,2978.7,2980.3,2985,2972.5
05092019,2976,2960.6,2985.9,2960.6
04092019,2937.8,2924.7,2938.8,2921.9
03092019,2906.3,2909,2914.4,2891.8
30082019,2926.5,2937.1,2940.4,2913.3
29082019,2924.6,2910.4,2930.5,2905.7
28082019,2887.9,2861.3,2890,2853.1
27082019,2869.2,2893.1,2898.8,2860.6
26082019,2878.4,2866.7,2879.3,2856
23082019,2847.1,2911.1,2927,2835
22082019,2922.9,2930.9,2939.1,2904.5
21082019,2924.4,2922,2928.7,2917.9
20082019,2900.5,2919,2923.6,2899.6
19082019,2923.7,2913.5,2931,2913.5
16082019,2888.7,2864.7,2893.6,2864.7
15082019,2847.6,2846.2,2856.7,2825.5
14082019,2840.6,2894.2,2894.2,2839.6
13082019,2926.3,2880.7,2943.3,2877.1
12082019,2883.8,2907.1,2907.6,2873.1
09082019,2918.7,2930.5,2935.8,2900.2
08082019,2938.1,2896.2,2938.7,2894.5
07082019,2884,2858.7,2892.2,2825.7
06082019,2881.8,2861.2,2884.4,2847.4
05082019,2844.7,2898.1,2898.1,2822.1
02082019,2932.1,2943.9,2945.5,2914.1
01082019,2953.6,2980.3,3013.6,2945.2
31072019,2980.4,3016.2,3017.4,2958.1
30072019,3013.2,3007.7,3017.2,3000.9
29072019,3021,3024.5,3025.6,3014.3
26072019,3025.9,3013.2,3028,3012.6
25072019,3003.7,3016.3,3016.3,2997.2
24072019,3019.6,2998.8,3019.6,2996.8
23072019,3005.5,2994.7,3005.9,2988.6
22072019,2985,2981.9,2990.7,2976.7
19072019,2976.6,3004.3,3006,2975.9
18072019,2995.1,2978.9,2998.3,2973.1
17072019,2984.4,3005.1,3005.3,2984.2
16072019,3004,3012.1,3015,3001.2
15072019,3014.3,3017.8,3017.8,3008.8
12072019,3013.8,3003.4,3013.9,3001.9
11072019,2999.9,2999.6,3002.3,2988.8
10072019,2993.1,2989.3,3003,2984.6
09072019,2979.6,2965.5,2981.9,2963.4
08072019,2975.9,2979.8,2980.8,2970.1
05072019,2990.4,2984.2,2994,2968
03072019,2995.8,2978.1,2995.8,2978
02072019,2973,2964.7,2973.2,2955.9
01072019,2964.3,2971.4,2977.9,2952.2
28062019,2941.8,2932.9,2944,2929.1
27062019,2924.9,2919.7,2929.3,2918.6
26062019,2913.8,2926.1,2932.6,2913
25062019,2917.4,2945.8,2946.5,2916
24062019,2945.3,2951.4,2954.9,2944.1
21062019,2950.5,2952.7,2964.2,2946.9
20062019,2954.2,2949.6,2958.1,2931.5
19062019,2926.5,2920.6,2931.7,2911.4
18062019,2917.8,2906.7,2930.8,2905.4
17062019,2889.7,2889.8,2897.3,2887.3
14062019,2887,2886.8,2894.4,2879.6
13062019,2891.6,2886.2,2895.2,2882
12062019,2879.8,2882.7,2888.6,2874.7
11062019,2885.7,2903.3,2910.6,2878.5
10062019,2886.7,2885.8,2904.8,2885.5
07062019,2873.3,2852.9,2885,2852.9
06062019,2843.5,2828.5,2852.1,2822.4
05062019,2826.2,2818.1,2827.3,2800.9
04062019,2803.3,2762.6,2804.5,2762.6
03062019,2744.4,2751.5,2763.1,2728.8
31052019,2752.1,2766.2,2769,2750.5
30052019,2788.9,2786.9,2799,2776.7
29052019,2783,2790.2,2792,2766.1
28052019,2802.4,2830,2840.5,2801.6
24052019,2826.1,2832.4,2841.4,2820.2
23052019,2822.2,2836.7,2836.7,2805.5
22052019,2856.3,2856.1,2865.5,2851.1
21052019,2864.4,2854,2868.9,2854
20052019,2840.2,2841.9,2853.9,2831.3
17052019,2859.5,2858.6,2885.5,2854.2
16052019,2876.3,2855.8,2892.2,2855.8
15052019,2851,2820.4,2858.7,2815.1
14052019,2834.4,2820.1,2852.5,2820.1
13052019,2811.9,2840.2,2840.2,2801.4
10052019,2881.4,2863.1,2891.3,2825.4
09052019,2870.7,2859.8,2876,2836.4
08052019,2879.4,2879.6,2898,2873.3
07052019,2884.1,2913,2913,2862.6
06052019,2932.5,2908.9,2937.3,2898.2
03052019,2945.6,2929.2,2947.8,2929.2
02052019,2917.5,2922.2,2931.7,2900.5
01052019,2923.7,2952.3,2954.1,2923.4
30042019,2945.8,2937.1,2948.2,2924.1
29042019,2943,2940.6,2949.5,2939.3
26042019,2939.9,2925.8,2939.9,2917.6
25042019,2926.2,2929,2933.1,2912.8
24042019,2927.2,2934,2936.8,2926.1
23042019,2933.7,2910,2936.3,2908.5
22042019,2908,2898.8,2909.5,2896.3
18042019,2905,2904.8,2908.4,2891.9
17042019,2900.4,2916,2918,2895.4
16042019,2907.1,2912.3,2916.1,2900.7
15042019,2905.6,2908.3,2909.6,2896.5
12042019,2907.4,2900.9,2910.5,2898.4
11042019,2888.3,2891.9,2893.4,2882
10042019,2888.2,2881.4,2889.7,2879.1
09042019,2878.2,2886.6,2886.9,2873.3
08042019,2895.8,2888.5,2895.9,2880.8
05042019,2892.7,2884.2,2893.2,2883
04042019,2879.4,2874,2881.3,2867.1
03042019,2873.4,2876.1,2885.2,2865.2
02042019,2867.2,2868.2,2872.9,2858.8
01042019,2867.2,2848.6,2869.4,2848.6
29032019,2834.4,2828.3,2836,2819.2
28032019,2815.4,2809.4,2819.7,2798.8
27032019,2805.4,2819.7,2825.6,2787.7
26032019,2818.5,2812.7,2829.9,2804
25032019,2798.4,2796,2809.8,2785
22032019,2800.7,2844.5,2846.2,2800.5
21032019,2854.9,2819.7,2860.3,2817.4
20032019,2824.2,2831.3,2843.5,2812.4
19032019,2832.6,2840.8,2852.4,2823.3
18032019,2832.9,2822.6,2835.4,2822
15032019,2822.5,2810.8,2830.7,2810.8
14032019,2808.5,2810.4,2815,2803.5
13032019,2810.9,2799.8,2821.2,2799.8
12032019,2791.5,2787.3,2798.3,2786.7
11032019,2783.3,2747.6,2784,2747.6
08032019,2743.1,2730.8,2744.1,2722.3
07032019,2748.9,2766.5,2767.2,2739.1
06032019,2771.4,2790.3,2790.3,2768.7
05032019,2789.7,2794.4,2796.4,2783
04032019,2792.8,2814.4,2816.9,2767.7
01032019,2803.7,2798.2,2808,2787.4
28022019,2784.5,2788.1,2793.7,2782.5
27022019,2792.4,2787.5,2795.8,2775.1
26022019,2793.9,2792.4,2803.1,2789.5
25022019,2796.1,2804.3,2813.5,2795
22022019,2792.7,2780.7,2794.2,2779.1
21022019,2774.9,2780.2,2781.6,2764.6
20022019,2784.7,2779.1,2789.9,2774.1
19022019,2779.8,2769.3,2787.3,2767.3
15022019,2775.6,2760.2,2775.7,2760.2
14022019,2745.7,2743.5,2757.9,2731.2
13022019,2753,2750.3,2761.8,2748.6
12022019,2744.7,2722.6,2748.2,2722.6
11022019,2709.8,2712.4,2718.1,2703.8
08022019,2707.9,2692.4,2708.1,2681.8
07022019,2706.1,2717.5,2719.3,2687.3
06022019,2731.6,2735.1,2738.1,2724.2
05022019,2737.7,2728.3,2739,2724
04022019,2724.9,2706.5,2725,2698.8
01022019,2706.5,2702.3,2716.7,2696.9
31012019,2704.1,2685.5,2708.9,2678.7
30012019,2681.1,2653.6,2690.4,2648.3
29012019,2640,2644.9,2650.9,2631.1
28012019,2643.8,2645,2645,2624.1
25012019,2664.8,2657.4,2672.4,2657.3
24012019,2642.3,2638.8,2647.2,2627
23012019,2638.7,2643.5,2653.2,2612.9
22012019,2632.9,2657.9,2657.9,2617.3
18012019,2670.7,2651.3,2675.5,2647.6
17012019,2636,2609.3,2645.1,2606.4
16012019,2616.1,2614.8,2625.8,2612.7
15012019,2610.3,2585.1,2613.1,2585.1
14012019,2582.6,2580.3,2589.3,2570.4
11012019,2596.3,2588.1,2596.3,2577.4
10012019,2596.6,2573.5,2597.8,2562
09012019,2585,2580,2595.3,2568.9
08012019,2574.4,2568.1,2579.8,2547.6
07012019,2549.7,2535.6,2566.2,2524.6
04012019,2531.9,2474.3,2538.1,2474.3
03012019,2447.9,2491.9,2493.1,2444
02012019,2510,2477,2519.5,2467.5
31122018,2506.8,2498.9,2509.2,2482.8
28122018,2485.7,2498.8,2520.3,2472.9
27122018,2488.8,2442.5,2489.1,2397.9
26122018,2467.7,2363.1,2467.8,2346.6
24122018,2351.1,2400.6,2410.3,2351.1
21122018,2416.6,2465.4,2504.4,2408.6
20122018,2467.4,2496.8,2509.6,2441.2
19122018,2507,2547.1,2585.3,2489
18122018,2546.2,2559.9,2574,2528.7
17122018,2545.9,2590.8,2601.1,2530.5
14122018,2599.9,2629.7,2635.1,2593.8
13122018,2650.5,2658.7,2670.2,2637.3
12122018,2651.1,2658.2,2685.4,2650.3
11122018,2636.8,2664.4,2674.3,2621.3
10122018,2637.7,2630.9,2647.5,2583.2
07122018,2633.1,2691.3,2708.5,2623.1
06122018,2695.9,2663.5,2696.2,2621.5
04122018,2700.1,2782.4,2785.9,2697.2
03122018,2790.4,2790.5,2800.2,2773.4
30112018,2760.2,2737.8,2760.9,2732.8
29112018,2737.8,2737,2753.8,2722.9
28112018,2743.8,2691.4,2744,2684.4
27112018,2682.2,2663.8,2682.5,2655.9
26112018,2673.4,2650,2674.3,2650
23112018,2632.6,2633.4,2647.6,2631.1
21112018,2649.9,2657.7,2670.7,2649.8
20112018,2641.9,2654.6,2669.4,2631.5
19112018,2690.7,2730.7,2733.2,2681.1
16112018,2736.3,2718.5,2746.8,2712.2
15112018,2730.2,2693.5,2735.4,2670.8
14112018,2701.6,2737.9,2746.8,2685.8
13112018,2722.2,2730.1,2754.6,2715
12112018,2726.2,2773.9,2776,2722
09112018,2781,2794.1,2794.1,2764.2
08112018,2806.8,2806.4,2814.8,2795
07112018,2813.9,2774.1,2815.2,2774.1
06112018,2755.4,2738.4,2756.8,2737.1
05112018,2738.3,2726.4,2744.3,2717.9
02112018,2723.1,2745.4,2756.6,2700.4
01112018,2740.4,2717.6,2741.7,2708.8
31102018,2711.7,2705.6,2736.7,2705.6
30102018,2682.6,2640.7,2685.4,2635.3
29102018,2641.2,2682.7,2706.8,2603.5
26102018,2658.7,2667.9,2692.4,2628.2
25102018,2705.6,2674.9,2722.7,2667.8
24102018,2656.1,2737.9,2742.6,2651.9
23102018,2740.7,2721,2753.6,2691.4
22102018,2755.9,2773.9,2778.9,2749.2
19102018,2767.8,2775.7,2797.8,2760.3
18102018,2768.8,2802,2806,2755.2
17102018,2809.2,2811.7,2816.9,2781.8
16102018,2809.9,2767.1,2813.5,2766.9
15102018,2750.8,2763.8,2776,2749
12102018,2767.1,2770.5,2775.8,2729.4
11102018,2728.4,2776.9,2795.1,2710.5
10102018,2785.7,2873.9,2874,2784.9
09102018,2880.3,2882.5,2894.8,2874.3
08102018,2884.4,2877.5,2889.4,2862.1
05102018,2885.6,2902.5,2909.6,2869.3
04102018,2901.6,2919.3,2919.8,2883.9
03102018,2925.5,2931.7,2939.9,2921.4
02102018,2923.4,2923.8,2931.4,2919.4
01102018,2924.6,2926.3,2937.1,2917.9
28092018,2914,2910,2920.5,2907.5
27092018,2914,2911.7,2927.2,2909.3
26092018,2906,2917,2931.2,2903.3
25092018,2915.6,2921.8,2923.9,2913.7
24092018,2919.4,2921.8,2923.8,2912.6
21092018,2929.7,2936.8,2940.9,2927.1
20092018,2930.8,2919.7,2934.8,2919.7
19092018,2907.9,2906.6,2912.4,2903.8
18092018,2904.3,2890.7,2911.2,2890.4
17092018,2888.8,2903.8,2904.7,2886.2
14092018,2905,2906.4,2908.3,2895.8
13092018,2904.2,2896.8,2906.8,2896.4
12092018,2888.9,2888.3,2894.7,2879.2
11092018,2887.9,2871.6,2892.5,2866.8
10092018,2877.1,2881.4,2886.9,2875.9
07092018,2871.7,2868.3,2883.8,2864.1
06092018,2878.1,2888.6,2892.1,2867.3
05092018,2888.6,2891.6,2894.2,2876.9
04092018,2896.7,2897,2900.2,2885.1
31082018,2901.5,2898.4,2906.3,2891.7
30082018,2901.1,2908.9,2912.5,2895.2
29082018,2914,2900.6,2916.5,2898.4
28082018,2897.5,2901.4,2903.8,2893.5
27082018,2896.7,2884.7,2898.2,2884.7
24082018,2874.7,2862.3,2876.2,2862.3
23082018,2857,2860.3,2868.8,2854
22082018,2861.8,2861,2867.5,2856.1
21082018,2863,2861.5,2873.2,2861.3
20082018,2857.1,2853.9,2859.8,2850.6
17082018,2850.1,2838.3,2855.6,2833.7
16082018,2840.7,2831.4,2850.5,2831.4
15082018,2818.4,2827.9,2827.9,2802.5
14082018,2840,2827.9,2843.1,2826.6
13082018,2821.9,2835.5,2843.4,2819.9
10082018,2833.3,2839.6,2842.2,2825.8
09082018,2853.6,2857.2,2862.5,2852
08082018,2857.7,2856.8,2862.4,2853.1
07082018,2858.4,2855.9,2863.4,2855.9
06082018,2850.4,2840.3,2853.3,2836
03082018,2840.3,2829.6,2840.4,2827.4
02082018,2827.2,2800.5,2829.9,2796.3
01082018,2813.4,2821.2,2825.8,2805.8
31072018,2816.3,2809.7,2824.5,2808.1
30072018,2802.6,2819,2821.7,2798.1
27072018,2818.8,2842.3,2843.2,2808.3
26072018,2837.4,2835.5,2845.6,2835.3
25072018,2846.1,2817.7,2848,2817.7
24072018,2820.4,2820.7,2830,2811.1
23072018,2807,2799.2,2808.6,2795.1
20072018,2801.8,2804.6,2809.7,2800
19072018,2804.5,2809.4,2812.1,2799.8
18072018,2815.6,2811.3,2816.8,2805.9
17072018,2809.6,2789.3,2814.2,2789.2
16072018,2798.4,2801.4,2803.7,2793.4
13072018,2801.3,2796.9,2804.5,2791.7
12072018,2798.3,2783.1,2799.2,2781.5
11072018,2774,2779.8,2785.9,2770.8
10072018,2793.8,2788.6,2795.6,2786.2
09072018,2784.2,2768.5,2784.7,2768.5
06072018,2759.8,2737.7,2764.4,2733.5
05072018,2736.6,2724.2,2737.8,2716
03072018,2713.2,2733.3,2736.6,2711.2
02072018,2726.7,2704.9,2727.3,2698.9
29062018,2718.4,2727.1,2743.3,2718
28062018,2716.3,2698.7,2724.3,2692
27062018,2699.6,2728.4,2746.1,2699.4
26062018,2723.1,2722.1,2732.9,2715.6
25062018,2717.1,2742.9,2742.9,2698.7
22062018,2754.9,2760.8,2764.2,2752.7
21062018,2749.8,2769.3,2769.3,2744.4
20062018,2767.3,2769.7,2774.9,2763.9
19062018,2762.6,2752,2765.1,2743.2
18062018,2773.8,2765.8,2775,2757.1
15062018,2779.7,2777.8,2782.8,2761.7
14062018,2782.5,2783.2,2789.1,2776.5
13062018,2775.6,2787.9,2791.5,2774.7
12062018,2786.8,2785.6,2789.8,2778.8
11062018,2782,2780.2,2790.2,2780.2
08062018,2779,2765.8,2779.4,2763.6
07062018,2770.4,2774.8,2779.9,2760.2
06062018,2772.3,2753.2,2772.4,2748.5
05062018,2748.8,2748.5,2752.6,2739.5
04062018,2746.9,2741.7,2749.2,2740.5
01062018,2734.6,2718.7,2736.9,2718.7
31052018,2705.3,2721,2722.5,2700.7
30052018,2724,2702.4,2729.3,2702.4
29052018,2689.9,2705.1,2710.7,2676.8
25052018,2721.3,2723.6,2727.4,2715
24052018,2727.8,2730.9,2732,2707.4
23052018,2733.3,2714,2733.3,2709.5
22052018,2724.4,2738.3,2742.2,2721.9
21052018,2733,2725.9,2739.2,2725.7
18052018,2713,2717.3,2719.5,2709.2
17052018,2720.1,2719.7,2732,2711.4
16052018,2722.5,2712.6,2727.8,2712.2
15052018,2711.4,2718.6,2718.6,2701.9
14052018,2730.1,2733.4,2742.1,2725.5
11052018,2727.7,2722.7,2732.9,2717.4
10052018,2723.1,2705,2726.1,2704.5
09052018,2697.8,2678.1,2701.3,2674.1
08052018,2671.9,2670.3,2676.3,2655.2
07052018,2672.6,2669.4,2683.3,2664.7
04052018,2663.4,2621.4,2670.9,2615.3
03052018,2629.7,2628.1,2637.1,2594.6
02052018,2635.7,2654.2,2660.9,2631.7
01052018,2654.8,2643.6,2655.3,2625.4
30042018,2648.1,2675.1,2682.9,2648
27042018,2669.9,2675.5,2677.3,2659
26042018,2666.9,2651.7,2676.5,2647.2
25042018,2639.4,2634.9,2645.3,2612.7
24042018,2634.6,2680.8,2683.6,2617.3
23042018,2670.3,2675.4,2682.9,2658
20042018,2670.1,2692.6,2693.9,2660.6
19042018,2693.1,2701.2,2702.8,2681.9
18042018,2708.6,2710.1,2717.5,2703.6
17042018,2706.4,2692.7,2713.3,2692.1
16042018,2677.8,2670.1,2686.5,2665.2
13042018,2656.3,2676.9,2680.3,2645.1
12042018,2664,2653.8,2674.7,2653.8
11042018,2642.2,2643.9,2661.4,2639.2
10042018,2656.9,2638.4,2665.4,2635.8
09042018,2613.2,2617.2,2653.6,2610.8
06042018,2604.5,2645.8,2656.9,2586.3
05042018,2662.8,2657.4,2672.1,2649.6
04042018,2644.7,2584,2649.9,2573.6
03042018,2614.4,2592.2,2619.1,2575.5
02042018,2581.9,2633.4,2638.3,2553.8
29032018,2640.9,2614.4,2659.1,2609.7
28032018,2605,2611.3,2632.7,2593.1
27032018,2612.6,2667.6,2674.8,2596.1
26032018,2658.6,2619.3,2661.4,2601.8
23032018,2588.3,2646.7,2657.7,2585.9
22032018,2643.7,2691.4,2695.7,2641.6
21032018,2711.9,2715,2739.1,2709.8
20032018,2716.9,2715.1,2724.2,2710.1
19032018,2712.9,2741.4,2741.4,2694.6
16032018,2752,2750.6,2761.8,2750
15032018,2747.3,2754.3,2763,2741.5
14032018,2749.5,2774.1,2777.1,2744.4
13032018,2765.3,2792.3,2801.9,2758.7
12032018,2783,2790.5,2797,2779.3
09032018,2786.6,2752.9,2786.6,2751.5
08032018,2739,2732.8,2740.4,2722.7
07032018,2726.8,2710.2,2730.6,2701.7
06032018,2728.1,2730.2,2732.1,2711.3
05032018,2720.9,2681.1,2728.1,2675.8
02032018,2691.2,2658.9,2696.2,2647.3
01032018,2677.7,2715.2,2730.9,2659.7
28022018,2713.8,2753.8,2761.5,2713.5
27022018,2744.3,2780.4,2789.2,2744.2
26022018,2779.6,2757.4,2780.6,2753.8
23022018,2747.3,2715.8,2747.8,2713.7
22022018,2704,2710.4,2731.3,2697.8
21022018,2701.3,2720.5,2747.8,2701.3
20022018,2716.3,2723,2737.6,2706.8
16022018,2732.2,2727.1,2754.4,2725.1
15022018,2731.2,2713.5,2731.5,2689.8
14022018,2698.6,2651.2,2702.1,2648.9
13022018,2662.9,2646.3,2668.8,2637.1
12022018,2656,2636.8,2672.6,2622.4
09022018,2619.6,2601.8,2638.7,2532.7
08022018,2581,2685,2685.3,2580.6
07022018,2681.7,2690.9,2727.7,2681.3
06022018,2695.1,2614.8,2701,2593.1
05022018,2648.9,2741.1,2763.4,2638.2
02022018,2762.1,2808.9,2808.9,2760
01022018,2822,2816.4,2836,2812.7
31012018,2823.8,2832.4,2839.3,2813
30012018,2822.4,2832.7,2837.8,2818.3
29012018,2853.5,2867.2,2870.6,2851.5
26012018,2872.9,2847.5,2872.9,2846.2
25012018,2839.2,2846.2,2848.6,2830.9
24012018,2837.5,2845.4,2853,2824.8
23012018,2839.1,2835.1,2842.2,2830.6
22012018,2833,2809.2,2833,2808.1
19012018,2810.3,2802.6,2810.3,2798.1
18012018,2798,2802.4,2805.8,2792.6
17012018,2802.6,2785,2807,2778.4
16012018,2776.4,2799,2807.5,2768.6
12012018,2786.2,2770.2,2787.8,2769.6
11012018,2767.6,2753,2767.6,2752.8
10012018,2748.2,2745.6,2750.8,2736.1
09012018,2751.3,2751.2,2759.1,2747.9
08012018,2747.7,2742.7,2748.5,2737.6
05012018,2743.2,2731.3,2743.4,2727.9
04012018,2724,2719.3,2729.3,2719.1
03012018,2713.1,2697.8,2714.4,2697.8
02012018,2695.8,2683.7,2695.9,2682.4
29122017,2673.6,2689.2,2692.1,2673.6
28122017,2687.5,2686.1,2687.7,2682.7
27122017,2682.6,2682.1,2685.6,2678.9
26122017,2680.5,2679.1,2682.7,2678
22122017,2683.3,2684.2,2685.3,2678.1
21122017,2684.6,2683,2692.6,2682.4
20122017,2679.2,2688.2,2691,2676.1
19122017,2681.5,2692.7,2694.4,2680.7
18122017,2690.2,2685.9,2695,2685.9
15122017,2675.8,2660.6,2679.6,2659.1
14122017,2652,2665.9,2668.1,2652
13122017,2662.8,2667.6,2671.9,2662.8
12122017,2664.1,2661.7,2669.7,2659.8
11122017,2660,2652.2,2660.3,2651.5
08122017,2651.5,2646.2,2651.7,2644.1
07122017,2637,2628.4,2641,2626.5
06122017,2629.3,2626.2,2634.4,2624.8
05122017,2629.6,2639.8,2648.7,2627.7
04122017,2639.4,2657.2,2665.2,2639
01122017,2642.2,2645.1,2650.6,2605.5
30112017,2647.6,2633.9,2657.7,2633.9
29112017,2626.1,2627.8,2634.9,2620.3
28112017,2627,2605.9,2627.7,2605.4
27112017,2601.4,2602.7,2606.4,2598.9
24112017,2602.4,2600.4,2604.2,2600.4
22112017,2597.1,2600.3,2600.9,2595.2
21112017,2599,2589.2,2601.2,2589.2
20112017,2582.1,2579.5,2584.6,2578.2
17112017,2578.8,2582.9,2584,2577.6
16112017,2585.6,2572.9,2590.1,2572.9
15112017,2564.6,2569.4,2572.8,2557.4
14112017,2578.9,2577.8,2579.7,2566.6
13112017,2584.8,2576.5,2587.7,2574.5
10112017,2582.3,2580.2,2583.8,2575.6
09112017,2584.6,2584,2586.5,2566.3
08112017,2594.4,2588.7,2595.5,2585
07112017,2590.6,2592.1,2597,2584.3
06112017,2591.1,2587.5,2593.4,2585.7
03112017,2587.8,2581.9,2588.4,2576.8
02112017,2579.8,2579.5,2581.1,2566.2
01112017,2579.4,2583.2,2588.4,2574.9
31102017,2575.3,2576,2578.3,2572.2
30102017,2572.8,2577.8,2580,2568.2
27102017,2581.1,2570.3,2583,2565.9
26102017,2560.4,2560.1,2567.1,2559.8
25102017,2557.2,2566.5,2567.4,2544
24102017,2569.1,2568.7,2572.2,2565.6
23102017,2565,2578.1,2578.3,2564.3
20102017,2575.2,2567.6,2575.4,2567.6
19102017,2562.1,2553.4,2562.4,2547.9
18102017,2561.3,2562.9,2564.1,2559.7
17102017,2559.4,2557.2,2559.7,2554.7
16102017,2557.6,2555.6,2559.5,2552.6
13102017,2553.2,2555.7,2557.7,2552.1
12102017,2550.9,2552.9,2555.3,2548.3
11102017,2555.2,2550.6,2555.2,2547.9
10102017,2550.6,2550,2555.2,2544.9
09102017,2544.7,2551.4,2551.8,2541.6
06102017,2549.3,2547.4,2549.4,2543.8
05102017,2552.1,2540.9,2552.5,2540
04102017,2537.7,2533.5,2540.5,2531.8
03102017,2534.6,2530.3,2535.1,2528.8
02102017,2529.1,2521.2,2529.2,2520.4
29092017,2519.4,2510,2519.4,2508
28092017,2510.1,2503.4,2510.8,2502.9
27092017,2507,2503.3,2511.8,2495.9
26092017,2496.8,2501,2503.5,2495.1
25092017,2496.7,2499.4,2502.5,2488
22092017,2502.2,2497.3,2503.5,2496.5
21092017,2500.6,2507.2,2507.2,2499
20092017,2508.2,2506.8,2508.8,2496.7
19092017,2506.7,2506.3,2507.8,2503.2
18092017,2503.9,2502.5,2508.3,2499.9
15092017,2500.2,2495.7,2500.2,2493.2
14092017,2495.6,2494.6,2498.4,2491.3
13092017,2498.4,2493.9,2498.4,2492.1
12092017,2496.5,2491.9,2496.8,2490.4
11092017,2488.1,2474.5,2488.9,2474.5
08092017,2461.4,2462.2,2467.1,2459.4
07092017,2465.1,2468.1,2468.6,2460.3
06092017,2465.5,2463.8,2469.6,2459.2
05092017,2457.8,2470.3,2472,2446.6
01092017,2476.6,2474.4,2480.4,2473.8
31082017,2471.7,2462.7,2475,2462.7
30082017,2457.6,2446.1,2460.3,2443.8
29082017,2446.3,2431.9,2449.2,2428.2
28082017,2444.2,2447.3,2449.1,2439
25082017,2443.1,2444.7,2454,2442.2
24082017,2439,2447.9,2450.4,2436.2
23082017,2444,2444.9,2448.9,2441.4
22082017,2452.5,2433.8,2454.8,2433.7
21082017,2428.4,2425.5,2430.6,2417.3
18082017,2425.6,2427.6,2440.3,2420.7
17082017,2430,2462.9,2465,2430
16082017,2468.1,2468.6,2474.9,2463.9
15082017,2464.6,2468.7,2468.9,2461.6
14082017,2465.8,2455,2468.2,2455
11082017,2441.3,2441,2448.1,2437.8
10082017,2438.2,2465.4,2465.4,2437.8
09082017,2474,2465.3,2474.4,2462.1
08082017,2474.9,2478.3,2490.9,2470.3
07082017,2480.9,2477.1,2480.9,2475.9
04082017,2476.8,2476.9,2480,2472.1
03082017,2472.2,2476,2476,2468.8
02082017,2477.6,2480.4,2480.4,2466.5
01082017,2476.3,2477.1,2478.5,2471.1
31072017,2470.3,2475.9,2478,2468.5
28072017,2472.1,2469.1,2473.5,2464.7
27072017,2475.4,2482.8,2484,2459.9
26072017,2477.8,2480,2481.7,2474.9
25072017,2477.1,2477.9,2481.2,2474.9
24072017,2469.9,2472,2473.1,2466.3
21072017,2472.5,2467.4,2472.5,2465.1
20072017,2473.4,2475.6,2477.6,2468.4
19072017,2473.8,2463.8,2473.8,2463.8
18072017,2460.6,2455.9,2460.9,2450.3
17072017,2459.1,2459.5,2462.8,2457.2
14072017,2459.3,2449.2,2463.5,2446.7
13072017,2447.8,2445,2449.3,2441.7
12072017,2443.2,2435.8,2445.8,2435.8
11072017,2425.5,2427.3,2429.3,2412.8
10072017,2427.4,2424.5,2432,2422.3
07072017,2425.2,2413.5,2426.9,2413.5
06072017,2409.8,2423.4,2424.3,2407.7
05072017,2432.5,2430.8,2434.9,2422.1
03072017,2429,2431.4,2439.2,2428.7
30062017,2423.4,2429.2,2432.7,2421.7
29062017,2419.7,2442.4,2442.7,2405.7
28062017,2440.7,2428.7,2443,2428
27062017,2419.4,2436.3,2440.2,2419.4
26062017,2439.1,2443.3,2450.4,2437
23062017,2438.3,2434.7,2441.4,2431.1
22062017,2434.5,2437.4,2441.6,2433.3
21062017,2435.6,2439.3,2442.2,2430.7
20062017,2437,2450.7,2450.7,2436.6
19062017,2453.5,2442.6,2453.8,2441.8
16062017,2433.2,2431.2,2433.2,2422.9
15062017,2432.5,2424.1,2433.9,2418.5
14062017,2437.9,2443.8,2443.8,2428.3
13062017,2440.3,2434.2,2441.5,2431.3
12062017,2429.4,2425.9,2430.4,2420
09062017,2431.8,2436.4,2446.2,2415.7
08062017,2433.8,2434.3,2439.3,2427.9
07062017,2433.1,2432,2435.3,2424.8
06062017,2429.3,2431.9,2436.2,2428.1
05062017,2436.1,2437.8,2439.6,2434.3
02062017,2439.1,2431.3,2440.2,2427.7
01062017,2430.1,2415.7,2430.1,2413.5
31052017,2411.8,2415.6,2416,2403.6
30052017,2412.9,2411.7,2415.3,2409.4
26052017,2415.8,2414.5,2416.7,2412.2
25052017,2415.1,2409.5,2418.7,2408
24052017,2404.4,2401.4,2405.6,2398
23052017,2398.4,2397,2400.8,2393.9
22052017,2394,2387.2,2395.5,2386.9
19052017,2381.7,2371.4,2389.1,2370.4
18052017,2365.7,2354.7,2375.7,2352.7
17052017,2357,2382.9,2384.9,2356.2
16052017,2400.7,2404.6,2405.8,2396.1
15052017,2402.3,2394,2404.1,2393.9
12052017,2390.9,2392.4,2392.4,2387.2
11052017,2394.4,2394.8,2395.7,2381.7
10052017,2399.6,2396.8,2399.7,2392.8
09052017,2396.9,2401.6,2403.9,2392.4
08052017,2399.4,2399.9,2401.4,2393.9
05052017,2399.3,2392.4,2399.3,2389.4
04052017,2389.5,2389.8,2391.4,2380.3
03052017,2388.1,2386.5,2389.8,2379.8
02052017,2391.2,2391.1,2392.9,2385.8
01052017,2388.3,2388.5,2394.5,2384.8
28042017,2384.2,2393.7,2393.7,2382.4
27042017,2388.8,2389.7,2392.1,2382.7
26042017,2387.4,2389,2398.2,2386.8
25042017,2388.6,2381.5,2392.5,2381.2
24042017,2374.2,2370.3,2377,2369.2
21042017,2348.7,2354.7,2356.2,2344.5
20042017,2355.8,2342.7,2361.4,2340.9
19042017,2338.2,2346.8,2352.6,2335.1
18042017,2342.2,2342.5,2348.3,2334.5
17042017,2349,2332.6,2349.1,2332.5
13042017,2328.9,2342,2348.3,2328.9
12042017,2344.9,2352.2,2352.7,2341.2
11042017,2353.8,2353.9,2355.2,2337.2
10042017,2357.2,2357.2,2366.4,2351.5
07042017,2355.5,2356.6,2363.8,2350.7
06042017,2357.5,2353.8,2364.2,2348.9
05042017,2352.9,2366.6,2378.4,2350.5
04042017,2360.2,2354.8,2360.5,2350.7
03042017,2358.8,2362.3,2365.9,2344.7
31032017,2362.7,2364.8,2370.3,2362.6
30032017,2368.1,2361.3,2370.4,2358.6
29032017,2361.1,2356.5,2363.4,2352.9
28032017,2358.6,2339.8,2363.8,2337.6
27032017,2341.6,2329.1,2344.9,2322.2
24032017,2344,2350.4,2356.2,2335.7
23032017,2346,2346,2358.9,2342.1
22032017,2348.4,2343,2351.8,2336.4
21032017,2344,2379.3,2381.9,2341.9
20032017,2373.5,2378.2,2379.6,2369.7
17032017,2378.2,2383.7,2385.7,2377.6
16032017,2381.4,2387.7,2388.1,2377.2
15032017,2385.3,2370.3,2390,2368.9
14032017,2365.4,2368.6,2368.6,2358.2
13032017,2373.5,2371.6,2374.4,2368.5
10032017,2372.6,2372.5,2376.9,2363
09032017,2364.9,2363.5,2369.1,2354.5
08032017,2363,2369.8,2373.1,2361
07032017,2368.4,2370.7,2375.1,2365.5
06032017,2375.3,2375.2,2378.8,2368
03032017,2383.1,2380.9,2383.9,2375.4
02032017,2381.9,2394.8,2394.8,2380.2
01032017,2396,2380.1,2401,2380.1
28022017,2363.6,2366.1,2367.8,2359
27022017,2369.8,2365.2,2371.5,2361.9
24022017,2367.3,2355.7,2367.3,2352.9
23022017,2363.8,2367.5,2368.3,2355.1
22022017,2362.8,2361.1,2365.1,2358.3
21022017,2365.4,2354.9,2366.7,2354.9
17022017,2351.2,2343,2351.2,2339.6
16022017,2347.2,2349.6,2351.3,2338.9
15022017,2349.2,2335.6,2351.3,2334.8
14022017,2337.6,2326.1,2337.6,2322.2
13022017,2328.2,2321.7,2331.6,2321.4
10022017,2316.1,2312.3,2319.2,2311.1
09022017,2307.9,2296.7,2311.1,2296.6
08022017,2294.7,2289.6,2295.9,2285.4
07022017,2293.1,2295.9,2299.4,2290.2
06022017,2292.6,2294.3,2296.2,2288.6
03022017,2297.4,2288.5,2298.3,2287.9
02022017,2280.8,2276.7,2284,2271.7
01022017,2279.6,2285.6,2289.1,2272.4
31012017,2278.9,2274,2279.1,2267.2
30012017,2280.9,2286,2286,2268
27012017,2294.7,2299,2299,2291.6
26012017,2296.7,2298.6,2301,2294.1
25012017,2298.4,2288.9,2299.6,2288.9
24012017,2280.1,2267.9,2284.6,2266.7
23012017,2265.2,2267.8,2271.8,2257
20012017,2271.3,2270,2277,2265
19012017,2263.7,2271.9,2274.3,2258.4
18012017,2271.9,2269.1,2272,2263.3
17012017,2267.9,2269.1,2272.1,2262.8
13012017,2274.6,2272.7,2278.7,2271.5
12012017,2270.4,2271.1,2271.8,2254.2
11012017,2275.3,2268.6,2275.3,2260.8
10012017,2268.9,2269.7,2279.3,2265.3
09012017,2268.9,2273.6,2275.5,2268.9
06012017,2277,2271.1,2282.1,2264.1
05012017,2269,2268.2,2271.5,2260.4
04012017,2270.8,2261.6,2272.8,2261.6
03012017,2257.8,2251.6,2263.9,2245.1
30122016,2238.8,2251.6,2253.6,2233.6
29122016,2249.3,2249.5,2254.5,2244.6
28122016,2249.9,2270.2,2271.3,2249.1
27122016,2268.9,2266.2,2273.8,2266.2
23122016,2263.8,2260.2,2263.8,2258.8
22122016,2261,2262.9,2263.2,2256.1
21122016,2265.2,2270.5,2271.2,2265.2
20122016,2270.8,2266.5,2272.6,2266.1
19122016,2262.5,2259.2,2267.5,2258.2
16122016,2258.1,2266.8,2268.1,2254.2
15122016,2262,2253.8,2272.1,2253.8
14122016,2253.3,2268.3,2276.2,2248.4
13122016,2271.7,2263.3,2277.5,2263.3
12122016,2257,2258.8,2264,2252.4
09122016,2259.5,2249.7,2259.8,2249.2
08122016,2246.2,2241.1,2251.7,2237.6
07122016,2241.3,2210.7,2241.6,2208.9
06122016,2212.2,2207.3,2212.8,2202.2
05122016,2204.7,2200.7,2209.4,2200
02122016,2191.9,2191.1,2197.9,2188.4
01122016,2191.1,2200.2,2202.6,2187.4
30112016,2198.8,2205,2214.1,2198.8
29112016,2204.7,2200.8,2210.5,2198.2
28112016,2201.7,2210.2,2211.1,2200.4
25112016,2213.3,2206.3,2213.3,2206.3
23112016,2204.7,2198.6,2204.7,2194.5
22112016,2202.9,2201.6,2204.8,2194.5
21112016,2198.2,2186.4,2198.7,2186.4
18112016,2181.9,2186.8,2189.9,2180.4
17112016,2187.1,2178.6,2188.1,2176.7
16112016,2176.9,2177.5,2179.2,2172.2
15112016,2180.4,2168.3,2180.8,2166.4
14112016,2164.2,2165.6,2171.4,2156.1
11112016,2164.4,2162.7,2165.9,2152.5
10112016,2167.5,2167.5,2182.3,2151.2
09112016,2163.3,2131.6,2170.1,2125.3
08112016,2139.6,2129.9,2146.9,2123.6
07112016,2131.5,2100.6,2132,2100.6
04112016,2085.2,2083.8,2099.1,2083.8
03112016,2088.7,2098.8,2102.6,2085.2
02112016,2097.9,2109.4,2111.8,2094
01112016,2111.7,2128.7,2131.4,2097.8
31102016,2126.2,2129.8,2133.2,2125.5
28102016,2126.4,2132.2,2140.7,2119.4
27102016,2133,2144.1,2147.1,2132.5
26102016,2139.4,2137,2145.7,2131.6
25102016,2143.2,2149.7,2151.4,2141.9
24102016,2151.3,2148.5,2154.8,2146.9
21102016,2141.2,2139.4,2142.6,2130.1
20102016,2141.3,2142.5,2147.2,2133.4
19102016,2144.3,2140.8,2148.4,2138.2
18102016,2139.6,2138.3,2144.4,2135.5
17102016,2126.5,2132.9,2135.6,2124.4
14102016,2133,2139.7,2149.2,2133
13102016,2132.6,2130.3,2138.2,2114.7
12102016,2139.2,2137.7,2145.4,2132.8
11102016,2136.7,2161.3,2161.6,2128.8
10102016,2163.7,2160.4,2169.6,2160.4
07102016,2153.7,2164.2,2165.9,2144.8
06102016,2160.8,2158.2,2162.9,2150.3
05102016,2159.7,2155.2,2163.9,2155.2
04102016,2150.5,2163.4,2165.5,2144
03102016,2161.2,2164.3,2164.4,2154.8
30092016,2168.3,2156.5,2175.3,2156.5
29092016,2151.1,2168.9,2172.7,2145.2
28092016,2171.4,2161.8,2172.4,2151.8
27092016,2159.9,2146,2161.1,2141.6
26092016,2146.1,2158.5,2158.5,2145
23092016,2164.7,2173.3,2173.8,2164
22092016,2177.2,2170.9,2180,2170.9
21092016,2163.1,2144.6,2165.1,2139.6
20092016,2139.8,2145.9,2150.8,2139.2
19092016,2139.1,2144,2153.6,2135.9
16092016,2139.2,2146.5,2146.5,2131.2
15092016,2147.3,2125.4,2151.3,2122.4
14092016,2125.8,2127.9,2141.3,2119.9
13092016,2127,2150.5,2150.5,2120.3
12092016,2159,2120.9,2163.3,2119.1
09092016,2127.8,2169.1,2169.1,2127.8
08092016,2181.3,2182.8,2184.9,2177.5
07092016,2186.2,2185.2,2187.9,2179.1
06092016,2186.5,2181.6,2186.6,2175.1
02092016,2180,2177.5,2184.9,2173.6
01092016,2170.9,2171.3,2173.6,2157.1
31082016,2170.9,2173.6,2173.8,2161.3
30082016,2176.1,2179.4,2182.3,2170.4
29082016,2180.4,2170.2,2183.5,2170.2
26082016,2169,2175.1,2187.9,2160.4
25082016,2172.5,2173.3,2179,2169.7
24082016,2175.4,2185.1,2186.7,2171.2
23082016,2186.9,2187.8,2193.4,2186.8
22082016,2182.6,2181.6,2185.2,2176
19082016,2183.9,2184.2,2185,2175.1
18082016,2187,2181.9,2187,2180.5
17082016,2182.2,2177.8,2183.1,2168.5
16082016,2178.2,2186.2,2186.2,2178.1
15082016,2190.2,2186.1,2193.8,2186.1
12082016,2184.1,2183.7,2186.3,2179.4
11082016,2185.8,2178,2188.4,2178
10082016,2175.5,2182.8,2183.4,2172
09082016,2181.7,2182.2,2187.7,2178.6
08082016,2180.9,2183.8,2185.4,2177.8
05082016,2182.9,2168.8,2182.9,2168.8
04082016,2164.2,2163.5,2168.2,2159.1
03082016,2163.8,2156.8,2163.8,2152.6
02082016,2157,2169.9,2170.2,2147.6
01082016,2170.8,2173.2,2178.3,2166.2
29072016,2173.6,2168.8,2177.1,2163.5
28072016,2170.1,2166.1,2172.8,2159.7
27072016,2166.6,2169.8,2175,2159.1
26072016,2169.2,2169,2173.5,2160.2
25072016,2168.5,2173.7,2173.7,2161.9
22072016,2175,2166.5,2175.1,2163.2
21072016,2165.2,2172.9,2174.6,2159.8
20072016,2173,2166.1,2175.6,2164.9
19072016,2163.8,2163.8,2164.6,2159
18072016,2166.9,2162,2168.3,2159.6
15072016,2161.7,2165.1,2169.1,2155.8
14072016,2163.8,2157.9,2169,2157.9
13072016,2152.4,2153.8,2156.4,2146.2
12072016,2152.1,2139.5,2155.4,2139.5
11072016,2137.2,2131.7,2143.2,2131.7
08072016,2129.9,2107,2131.7,2107
07072016,2097.9,2100.4,2109.1,2089.4
06072016,2099.7,2084.4,2100.7,2074
05072016,2088.6,2095.1,2095.1,2080.9
01072016,2102.9,2099.3,2108.7,2097.9
30062016,2098.9,2073.2,2098.9,2070
29062016,2070.8,2042.7,2073.1,2042.7
28062016,2036.1,2006.7,2036.1,2006.7
27062016,2000.5,2031.5,2031.5,1991.7
24062016,2037.4,2103.8,2103.8,2032.6
23062016,2113.3,2092.8,2113.3,2092.8
22062016,2085.4,2089.8,2099.7,2084.4
21062016,2088.9,2085.2,2093.7,2083
20062016,2083.2,2075.6,2100.7,2075.6
17062016,2071.2,2078.2,2078.2,2062.8
16062016,2078,2066.4,2079.6,2050.4
15062016,2071.5,2077.6,2085.7,2069.8
14062016,2075.3,2076.7,2081.3,2064.1
13062016,2079.1,2091.8,2098.1,2078.5
10062016,2096.1,2109.6,2109.6,2090
09062016,2115.5,2115.7,2117.6,2107.7
08062016,2119.1,2112.7,2120.6,2112.7
07062016,2112.1,2110.2,2119.2,2110.2
06062016,2109.4,2100.8,2113.4,2100.8
03062016,2099.1,2104.1,2104.1,2085.4
02062016,2105.3,2097.7,2105.3,2088.6
01062016,2099.3,2093.9,2101,2085.1
31052016,2097,2100.1,2103.5,2088.7
27052016,2099.1,2090.1,2099.1,2090.1
26052016,2090.1,2091.4,2094.3,2087.1
25052016,2090.5,2078.9,2094.7,2078.9
24052016,2076.1,2052.7,2079.7,2052.7
23052016,2048,2052.2,2055.6,2047.3
20052016,2052.3,2041.9,2058.3,2041.9
19052016,2040,2044.2,2044.2,2025.9
18052016,2047.6,2044.4,2060.6,2034.5
17052016,2047.2,2065,2065.7,2040.8
16052016,2066.7,2046.5,2071.9,2046.5
13052016,2046.6,2062.5,2066.8,2043.1
12052016,2064.1,2067.2,2074,2053.1
11052016,2064.5,2083.3,2083.3,2064.5
10052016,2084.4,2062.6,2084.9,2062.6
09052016,2058.7,2057.6,2064.2,2054.3
06052016,2057.1,2047.8,2057.7,2039.5
05052016,2050.6,2052.9,2060.2,2045.8
04052016,2051.1,2060.3,2060.3,2045.5
03052016,2063.4,2077.2,2077.2,2054.9
02052016,2081.4,2067.2,2083.4,2066.1
29042016,2065.3,2071.8,2073.8,2052.3
28042016,2075.8,2090.9,2099.3,2071.6
27042016,2095.2,2092.3,2099.9,2082.3
26042016,2091.7,2089.8,2096.9,2085.8
25042016,2087.8,2089.4,2089.4,2077.5
22042016,2091.6,2091.5,2094.3,2081.2
21042016,2091.5,2102.1,2103.8,2088.5
20042016,2102.4,2101.5,2111.1,2096.3
19042016,2100.8,2096.1,2104.1,2091.7
18042016,2094.3,2078.8,2094.7,2073.7
15042016,2080.7,2083.1,2083.2,2076.3
14042016,2082.8,2082.9,2087.8,2078.1
13042016,2082.4,2065.9,2083.2,2065.9
12042016,2061.7,2043.7,2065.1,2039.7
11042016,2042,2050.2,2062.9,2041.9
08042016,2047.6,2045.5,2060.6,2041.7
07042016,2041.9,2063,2063,2033.8
06042016,2066.7,2045.6,2067.3,2043.1
05042016,2045.2,2062.5,2062.5,2042.6
04042016,2066.1,2073.2,2074,2062.6
01042016,2072.8,2056.6,2075.1,2044
31032016,2059.7,2063.8,2067.9,2057.5
30032016,2063.9,2058.3,2072.2,2058.3
29032016,2055,2035.8,2055.9,2028.3
28032016,2037,2037.9,2042.7,2032
24032016,2035.9,2032.5,2036,2022.5
23032016,2036.7,2048.6,2048.6,2034.9
22032016,2049.8,2048.6,2056.6,2040.6
21032016,2051.6,2047.9,2053.9,2043.1
18032016,2049.6,2041.2,2052.4,2041.2
17032016,2040.6,2026.9,2046.2,2022.2
16032016,2027.2,2014.2,2032,2010
15032016,2015.9,2015.3,2015.9,2005.2
14032016,2019.6,2019.3,2024.6,2012
11032016,2022.2,1994.7,2022.4,1994.7
10032016,1989.6,1991,2005.1,1969.2
09032016,1989.3,1981.4,1992.7,1979.8
08032016,1979.3,1996.9,1996.9,1977.4
07032016,2001.8,1996.1,2006.1,1989.4
04032016,2000,1994,2009.1,1986.8
03032016,1993.4,1985.6,1993.7,1977.4
02032016,1986.5,1976.6,1986.5,1968.8
01032016,1978.3,1937.1,1978.3,1937.1
29022016,1932.2,1947.1,1958.3,1931.8
26022016,1948,1955,1963,1945.8
25022016,1951.7,1931.9,1951.8,1925.4
24022016,1929.8,1917.6,1932.1,1891
23022016,1921.3,1942.4,1942.4,1919.4
22022016,1945.5,1924.4,1946.7,1924.4
19022016,1917.8,1916.7,1918.8,1902.2
18022016,1917.8,1927.6,1930,1915.1
17022016,1926.8,1898.8,1930.7,1898.8
16022016,1895.6,1871.4,1895.8,1871.4
12022016,1864.8,1833.4,1864.8,1833.4
11022016,1829.1,1847,1847,1810.1
10022016,1851.9,1857.1,1881.6,1850.3
09022016,1852.2,1848.5,1868.2,1834.9
08022016,1853.4,1873.2,1873.2,1828.5
05022016,1880,1913.1,1913.1,1872.7
04022016,1915.5,1911.7,1927.3,1900.5
03022016,1912.5,1907.1,1918,1872.2
02022016,1903,1935.3,1935.3,1897.3
01022016,1939.4,1936.9,1947.2,1920.3
29012016,1940.2,1894,1940.2,1894
28012016,1893.4,1885.2,1903,1873.7
27012016,1883,1902.5,1917,1872.7
26012016,1903.6,1878.8,1906.7,1878.8
25012016,1877.1,1906.3,1906.3,1876
22012016,1906.9,1877.4,1908.8,1877.4
21012016,1869,1861.5,1889.8,1849
20012016,1859.3,1876.2,1876.2,1812.3
19012016,1881.3,1888.7,1901.4,1864.6
15012016,1880.3,1916.7,1916.7,1857.8
14012016,1921.8,1891.7,1934.5,1878.9
13012016,1890.3,1940.3,1950.3,1886.4
12012016,1938.7,1927.8,1947.4,1914.3
11012016,1923.7,1926.1,1935.7,1901.1
08012016,1922,1946,1960.4,1918.5
07012016,1943.1,1985.3,1985.3,1938.8
06012016,1990.3,2011.7,2011.7,1979
05012016,2016.7,2013.8,2021.9,2004.2
04012016,2012.7,2038.2,2038.2,1989.7
31122015,2043.9,2060.6,2062.5,2043.6
30122015,2063.4,2077.3,2077.3,2062
29122015,2078.4,2060.5,2081.6,2060.5
28122015,2056.5,2057.8,2057.8,2044.2
24122015,2061,2063.5,2067.4,2058.7
23122015,2064.3,2042.2,2064.7,2042.2
22122015,2039,2023.2,2042.7,2020.5
21122015,2021.2,2010.3,2022.9,2005.9
18122015,2005.5,2040.8,2040.8,2005.3
17122015,2041.9,2073.8,2076.4,2041.7
16122015,2073.1,2046.5,2076.7,2042.4
15122015,2043.4,2025.5,2053.9,2025.5
14122015,2021.9,2013.4,2022.9,1993.3
11122015,2012.4,2047.3,2047.3,2008.8
10122015,2052.2,2047.9,2067.7,2045.7
09122015,2047.6,2061.2,2080.3,2036.5
08122015,2063.6,2073.4,2073.8,2052.3
07122015,2077.1,2090.4,2090.4,2066.8
04122015,2091.7,2051.2,2093.8,2051.2
03122015,2049.6,2080.7,2085,2042.3
02122015,2079.5,2101.7,2104.3,2077.1
01122015,2102.6,2082.9,2103.4,2082.9
30112015,2080.4,2090.9,2093.8,2080.4
27112015,2090.1,2088.8,2093.3,2084.1
25112015,2088.9,2089.3,2093,2086.3
24112015,2089.1,2084.4,2094.1,2070.3
23112015,2086.6,2089.4,2095.6,2081.4
20112015,2089.2,2082.8,2097.1,2082.8
19112015,2081.2,2083.7,2086.7,2078.8
18112015,2083.6,2052,2085.3,2052
17112015,2050.4,2053.7,2066.7,2045.9
16112015,2053.2,2022.1,2053.2,2019.4
13112015,2023,2044.6,2044.6,2022
12112015,2046,2072.3,2072.3,2045.7
11112015,2075,2083.4,2086.9,2074.8
10112015,2081.7,2077.2,2083.7,2069.9
09112015,2078.6,2096.6,2096.6,2068.2
06112015,2099.2,2098.6,2101.9,2083.7
05112015,2099.9,2101.7,2108.8,2090.4
04112015,2102.3,2110.6,2114.6,2097
03112015,2109.8,2102.6,2116.5,2097.5
02112015,2104.1,2080.8,2106.2,2080.8
30102015,2079.4,2090,2094.3,2079.3
29102015,2089.4,2088.3,2092.5,2082.6
28102015,2090.3,2066.5,2090.3,2063.1
27102015,2065.9,2068.8,2070.4,2058.8
26102015,2071.2,2075.1,2075.1,2066.5
23102015,2075.2,2058.2,2079.7,2058.2
22102015,2052.5,2021.9,2055.2,2021.9
21102015,2018.9,2033.5,2038,2017.2
20102015,2030.8,2033.1,2039.1,2026.6
19102015,2033.7,2031.7,2034.5,2022.3
16102015,2033.1,2024.4,2033.5,2020.5
15102015,2023.9,1996.5,2024.2,1996.5
14102015,1994.2,2003.7,2009.6,1990.7
13102015,2003.7,2015,2022.3,2001.8
12102015,2017.5,2015.7,2018.7,2010.5
09102015,2014.9,2013.7,2020.1,2007.6
08102015,2013.4,1994,2016.5,1987.5
07102015,1995.8,1982.3,1999.3,1976.4
06102015,1979.9,1986.6,1991.6,1972
05102015,1987,1954.3,1989.2,1954.3
02102015,1951.4,1921.8,1951.4,1893.7
01102015,1923.8,1919.7,1927.2,1900.7
30092015,1920,1887.1,1920.5,1887.1
29092015,1884.1,1881.9,1899.5,1871.9
28092015,1881.8,1929.2,1929.2,1879.2
25092015,1931.3,1935.9,1952.9,1921.5
24092015,1932.2,1934.8,1937.2,1908.9
23092015,1938.8,1943.2,1949.5,1932.6
22092015,1942.7,1961.4,1961.4,1929.2
21092015,1967,1960.8,1979.6,1955.8
18092015,1958,1989.7,1989.7,1953.5
17092015,1990.2,1995.3,2020.9,1986.7
16092015,1995.3,1978,1997.3,1977.9
15092015,1978.1,1955.1,1983.2,1954.3
14092015,1953,1963.1,1963.1,1948.3
11092015,1961,1951.5,1961,1939.2
10092015,1952.3,1941.6,1965.3,1937.2
09092015,1942,1971.5,1988.6,1937.9
08092015,1969.4,1927.3,1970.4,1927.3
04092015,1921.2,1947.8,1947.8,1911.2
03092015,1951.1,1950.8,1975,1944.7
02092015,1948.9,1916.5,1948.9,1916.5
01092015,1913.8,1970.1,1970.1,1903.1
31082015,1972.2,1986.7,1986.7,1966
28082015,1988.9,1986.1,1993.5,1975.2
27082015,1987.7,1942.8,1989.6,1942.8
26082015,1940.5,1872.8,1943.1,1872.8
25082015,1867.6,1898.1,1948,1867.1
24082015,1893.2,1965.2,1965.2,1867
21082015,1970.9,2034.1,2034.1,1970.9
20082015,2035.7,2076.6,2076.6,2035.7
19082015,2079.6,2095.7,2096.2,2070.5
18082015,2096.9,2102,2103.5,2094.1
17082015,2102.4,2089.7,2102.9,2079.3
14082015,2091.5,2083.2,2092.4,2080.6
13082015,2083.4,2086.2,2092.9,2078.3
12082015,2086.1,2081.1,2089.1,2052.1
11082015,2084.1,2102.7,2102.7,2076.5
10082015,2104.2,2081,2105.3,2081
07082015,2077.6,2082.6,2082.6,2067.9
06082015,2083.6,2100.8,2103.3,2075.5
05082015,2099.8,2095.3,2112.7,2095.3
04082015,2093.3,2097.7,2102.5,2088.6
03082015,2098,2104.5,2105.7,2087.3
31072015,2103.8,2111.6,2114.2,2102.1
30072015,2108.6,2106.8,2110.5,2095
29072015,2108.6,2094.7,2110.6,2094.1
28072015,2093.2,2070.8,2095.6,2069.1
27072015,2067.6,2078.2,2078.2,2063.5
24072015,2079.7,2102.2,2106,2077.1
23072015,2102.2,2114.2,2116.9,2098.6
22072015,2114.2,2118.2,2118.5,2110
21072015,2119.2,2127.6,2128.5,2115.4
20072015,2128.3,2126.8,2132.8,2123.7
17072015,2126.6,2126.8,2128.9,2119.9
16072015,2124.3,2110.6,2124.4,2110.6
15072015,2107.4,2109,2114.1,2102.5
14072015,2108.9,2099.7,2112,2098.2
13072015,2099.6,2080,2100.7,2080
10072015,2076.6,2052.7,2081.3,2052.7
09072015,2051.3,2049.7,2074.3,2049.7
08072015,2046.7,2077.7,2077.7,2044.7
07072015,2081.3,2069.5,2083.7,2044
06072015,2068.8,2073.9,2078.6,2058.4
02072015,2076.8,2078,2085.1,2071
01072015,2077.4,2067,2082.8,2067
30062015,2063.1,2061.2,2074.3,2056.3
29062015,2057.6,2098.6,2098.6,2056.6
26062015,2101.5,2102.6,2108.9,2095.4
25062015,2102.3,2110,2116,2101.8
24062015,2108.6,2123.7,2125.1,2108.6
23062015,2124.2,2123.2,2128,2119.9
22062015,2122.8,2112.5,2129.9,2112.5
19062015,2110,2121.1,2121.6,2109.4
18062015,2121.2,2101.6,2126.7,2101.6
17062015,2100.4,2097.4,2106.8,2088.9
16062015,2096.3,2084.3,2097.4,2082.1
15062015,2084.4,2091.3,2091.3,2072.5
12062015,2094.1,2107.4,2107.4,2091.3
11062015,2108.9,2106.2,2115,2106.2
10062015,2105.2,2081.1,2108.5,2081.1
09062015,2080.2,2079.1,2085.6,2072.1
08062015,2079.3,2092.3,2093,2079.1
05062015,2092.8,2095.1,2101,2085.7
04062015,2095.8,2112.3,2112.9,2093.2
03062015,2114.1,2110.6,2121.9,2109.6
02062015,2109.6,2110.4,2117.6,2099.1
01062015,2111.7,2108.6,2119.2,2102.5
29052015,2107.4,2120.7,2120.7,2104.9
28052015,2120.8,2122.3,2122.3,2112.9
27052015,2123.5,2105.1,2126.2,2105.1
26052015,2104.2,2125.3,2125.3,2099.2
22052015,2126.1,2130.4,2132.2,2126.1
21052015,2130.8,2125.6,2134.3,2122.9
20052015,2125.8,2127.8,2134.7,2122.6
19052015,2127.8,2129.4,2133,2124.5
18052015,2129.2,2121.3,2131.8,2120
15052015,2122.7,2122.1,2123.9,2116.8
14052015,2121.1,2100.4,2121.4,2100.4
13052015,2098.5,2099.6,2110.2,2096
12052015,2099.1,2102.9,2105.1,2085.6
11052015,2105.3,2115.6,2117.7,2104.6
08052015,2116.1,2092.1,2117.7,2092.1
07052015,2088,2080,2092.9,2075
06052015,2080.2,2091.3,2098.4,2067.9
05052015,2089.5,2112.6,2115.2,2088.5
04052015,2114.5,2110.2,2120.9,2110.2
01052015,2108.3,2087.4,2108.4,2087.4
30042015,2085.5,2105.5,2105.5,2077.6
29042015,2106.8,2112.5,2113.7,2097.4
28042015,2114.8,2108.3,2116.1,2094.9
27042015,2108.9,2119.3,2125.9,2107
24042015,2117.7,2112.8,2120.9,2112.8
23042015,2112.9,2107.2,2120.5,2103.2
22042015,2108,2098.3,2110,2091.1
21042015,2097.3,2102.8,2109.6,2094.4
20042015,2100.4,2084.1,2103.9,2084.1
17042015,2081.2,2102.6,2102.6,2072.4
16042015,2105,2106,2111.3,2100
15042015,2106.6,2097.8,2111.9,2097.8
14042015,2095.8,2092.3,2098.6,2083.2
13042015,2092.4,2102,2107.7,2092.3
10042015,2102.1,2091.5,2102.6,2091.5
09042015,2091.2,2081.3,2093.3,2074.3
08042015,2081.9,2076.9,2086.7,2073.3
07042015,2076.3,2080.8,2089.8,2076.1
06042015,2080.6,2064.9,2087,2056.5
02042015,2067,2060,2072.2,2057.3
01042015,2059.7,2067.6,2067.6,2048.4
31032015,2067.9,2084.1,2084.1,2067
30032015,2086.2,2064.1,2089,2064.1
27032015,2061,2055.8,2062.8,2053
26032015,2056.2,2059.9,2067.2,2045.5
25032015,2061.1,2093.1,2097.4,2061.1
24032015,2091.5,2103.9,2107.6,2091.5
23032015,2104.4,2108,2114.9,2104.4
20032015,2108.1,2090.3,2113.9,2090.3
19032015,2089.3,2098.7,2098.7,2085.6
18032015,2099.5,2072.8,2106.8,2061.2
17032015,2074.3,2080.6,2080.6,2065.1
16032015,2081.2,2055.3,2081.4,2055.3
13032015,2053.4,2064.6,2064.6,2041.2
12032015,2065.9,2041.1,2066.4,2041.1
11032015,2040.2,2044.7,2050.1,2039.7
10032015,2044.2,2076.1,2076.1,2044.2
09032015,2079.4,2072.2,2083.5,2072.2
06032015,2071.3,2100.9,2100.9,2067.3
05032015,2101,2098.5,2104.2,2095.2
04032015,2098.5,2107.7,2107.7,2087.6
03032015,2107.8,2115.8,2115.8,2098.3
02032015,2117.4,2105.2,2117.5,2104.5
27022015,2104.5,2110.9,2112.7,2103.8
26022015,2110.7,2113.9,2113.9,2103.8
25022015,2113.9,2115.3,2119.6,2109.9
24022015,2115.5,2109.1,2117.9,2105.9
23022015,2109.7,2109.8,2110.1,2103
20022015,2110.3,2097.7,2110.6,2085.4
19022015,2097.4,2099.2,2102.1,2090.8
18022015,2099.7,2099.2,2100.2,2092.2
17022015,2100.3,2096.5,2101.3,2089.8
13022015,2097,2088.8,2097,2086.7
12022015,2088.5,2070,2088.5,2070
11022015,2068.5,2068.6,2073.5,2058
10022015,2068.6,2049.4,2070.9,2048.6
09022015,2046.7,2053.5,2056.2,2041.9
06022015,2055.5,2062.3,2072.4,2050
05022015,2062.5,2043.5,2063.6,2043.5
04022015,2041.5,2048.9,2054.7,2036.7
03022015,2050,2022.7,2050.3,2022.7
02022015,2020.8,1996.7,2021.7,1980.9
30012015,1995,2019.3,2023.3,1993.4
29012015,2021.2,2002.5,2024.6,1989.2
28012015,2002.2,2032.3,2042.5,2001.5
27012015,2029.5,2047.9,2047.9,2019.9
26012015,2057.1,2050.4,2057.6,2041
23012015,2051.8,2063,2063,2050.5
22012015,2063.2,2034.3,2064.6,2026.4
21012015,2032.1,2020.2,2038.3,2012
20012015,2022.5,2020.8,2028.9,2004.5
16012015,2019.4,1992.2,2020.5,1988.1
15012015,1992.7,2013.8,2021.3,1991.5
14012015,2011.3,2018.4,2018.4,1988.4
13012015,2023,2031.6,2056.9,2008.2
12012015,2028.3,2046.1,2049.3,2022.6
09012015,2044.8,2063.4,2064.4,2038.3
08012015,2062.1,2030.6,2064.1,2030.6
07012015,2025.9,2005.5,2029.6,2005.5
06012015,2002.6,2022.2,2030.2,1992.4
05012015,2020.6,2054.4,2054.4,2017.3
02012015,2058.2,2058.9,2072.4,2046
31122014,2058.9,2082.1,2085.6,2057.9
30122014,2080.3,2088.5,2088.5,2079.5
29122014,2090.6,2087.6,2093.6,2085.8
26122014,2088.8,2084.3,2092.7,2084.3
24122014,2081.9,2083.2,2087.6,2081.9
23122014,2082.2,2081.5,2086.7,2079.8
22122014,2078.5,2069.3,2078.8,2069.3
19122014,2070.7,2061,2077.8,2061
18122014,2061.2,2019,2061.2,2019
17122014,2012.9,1973.8,2016.8,1973.8
16122014,1972.7,1986.7,2016.9,1972.6
15122014,1989.6,2005,2018.7,1982.3
12122014,2002.3,2030.4,2032.2,2002.3
11122014,2035.3,2027.9,2055.5,2027.9
10122014,2026.1,2058.9,2058.9,2024.3
09122014,2059.8,2056.6,2060.6,2034.2
08122014,2060.3,2074.8,2075.8,2054.3
05122014,2075.4,2072.8,2079.5,2070.8
04122014,2071.9,2073.6,2077.3,2062.3
03122014,2074.3,2067.4,2076.3,2066.7
02122014,2066.6,2053.8,2068.8,2053.8
01122014,2053.4,2065.8,2065.8,2049.6
28112014,2067.6,2074.8,2075.8,2065.1
26112014,2072.8,2067.4,2073.3,2066.6
25112014,2067,2070.2,2074.2,2064.8
24112014,2069.4,2065.1,2070.2,2065.1
21112014,2063.5,2057.5,2071.5,2056.8
20112014,2052.8,2045.9,2053.8,2040.5
19112014,2048.7,2051.2,2052.1,2040.4
18112014,2051.8,2041.5,2056.1,2041.5
17112014,2041.3,2038.3,2043.1,2034.5
14112014,2039.8,2039.7,2042.2,2035.2
13112014,2039.3,2039.2,2046.2,2030.4
12112014,2038.2,2037.8,2040.3,2032
11112014,2039.7,2038.2,2041.3,2035.3
10112014,2038.3,2032,2038.7,2030.2
07112014,2031.9,2032.4,2034.3,2025.1
06112014,2031.2,2023.3,2031.6,2015.9
05112014,2023.6,2015.3,2023.8,2014.4
04112014,2012.1,2015.8,2016,2001
03112014,2017.8,2018.2,2024.5,2013.7
31102014,2018,2001.2,2018.2,2001.2
30102014,1994.7,1979.5,1999.4,1974.8
29102014,1982.3,1983.3,1991.4,1969
28102014,1985,1964.1,1985,1964.1
27102014,1961.6,1963,1964.6,1951.4
24102014,1964.6,1951.6,1965.3,1946.3
23102014,1950.8,1931,1962,1931
22102014,1927.1,1941.3,1949.3,1926.8
21102014,1941.3,1909.4,1942.5,1909.4
20102014,1904,1885.6,1905,1882.3
17102014,1886.8,1864.9,1898.2,1864.9
16102014,1862.8,1856,1876,1835
15102014,1862.5,1874.2,1874.2,1820.7
14102014,1877.7,1877.1,1898.7,1871.8
13102014,1874.7,1905.7,1912.1,1874.1
10102014,1906.1,1925.6,1937,1906
09102014,1928.2,1967.7,1967.7,1927.6
08102014,1968.9,1935.5,1970.4,1925.2
07102014,1935.1,1962.4,1962.4,1934.9
06102014,1964.8,1970,1977.8,1958.4
03102014,1967.9,1948.1,1971.2,1948.1
02102014,1946.2,1945.8,1952.3,1926
01102014,1946.2,1971.4,1971.4,1941.7
30092014,1972.3,1978.2,1985.2,1969
29092014,1977.8,1979,1981.3,1964
26092014,1982.8,1966.2,1986.4,1966.2
25092014,1966,1997.3,1997.3,1966
24092014,1998.3,1983.3,1999.8,1978.6
23092014,1982.8,1992.8,1995.4,1982.8
22092014,1994.3,2009.1,2009.1,1991
19092014,2010.4,2012.7,2019.3,2006.6
18092014,2011.4,2003.1,2012.3,2003.1
17092014,2001.6,1999.3,2010.7,1993.3
16092014,1999,1981.9,2002.3,1979.1
15092014,1984.1,1986,1987.2,1978.5
12092014,1985.5,1996.7,1996.7,1980.3
11092014,1997.5,1992.8,1997.7,1985.9
10092014,1995.7,1988.4,1996.7,1983
09092014,1988.4,2000.7,2001,1984.6
08092014,2001.5,2007.2,2007.2,1995.6
05092014,2007.7,1998,2007.7,1990.1
04092014,1997.7,2001.7,2011.2,1992.5
03092014,2000.7,2003.6,2009.3,1998.1
02092014,2002.3,2004.1,2006.1,1994.8
29082014,2003.4,1998.5,2003.4,1994.7
28082014,1996.7,1997.4,1998.5,1990.5
27082014,2000.1,2000.5,2002.1,1996.2
26082014,2000,1998.6,2005,1998.6
25082014,1997.9,1991.7,2002,1991.7
22082014,1988.4,1992.6,1993.5,1984.8
21082014,1992.4,1986.8,1994.8,1986.8
20082014,1986.5,1980.5,1988.6,1977.7
19082014,1981.6,1972.7,1982.6,1972.7
18082014,1971.7,1958.4,1972,1958.4
15082014,1955.1,1958.9,1964,1941.5
14082014,1955.2,1947.4,1955.2,1947.4
13082014,1946.7,1935.6,1948.4,1935.6
12082014,1933.8,1935.7,1939.7,1928.3
11082014,1936.9,1933.4,1944.9,1933.4
08082014,1931.6,1910.3,1932.4,1909
07082014,1909.6,1923,1928.9,1904.8
06082014,1920.2,1917.3,1927.9,1911.5
05082014,1920.2,1936.3,1936.3,1913.8
04082014,1939,1926.6,1942.9,1921.2
01082014,1925.2,1929.8,1937.3,1916.4
31072014,1930.7,1965.1,1965.1,1930.7
30072014,1970.1,1973.2,1978.9,1962.4
29072014,1970,1980,1984.8,1970
28072014,1978.9,1978.2,1981.5,1967.3
25072014,1978.3,1984.6,1984.6,1974.4
24072014,1988,1988.1,1991.4,1985.8
23072014,1987,1985.3,1989.2,1982.4
22072014,1983.5,1975.7,1986.2,1975.7
21072014,1973.6,1976.9,1976.9,1965.8
18072014,1978.2,1961.5,1979.9,1960.8
17072014,1958.1,1979.8,1981.8,1955.6
16072014,1981.6,1976.3,1983.9,1975.7
15072014,1973.3,1977.4,1982.5,1965.3
14072014,1977.1,1969.9,1979.8,1969.9
11072014,1967.6,1965.8,1968.7,1959.6
10072014,1964.7,1966.7,1969.8,1952.9
09072014,1972.8,1965.1,1974.2,1965.1
08072014,1963.7,1976.4,1976.4,1959.5
07072014,1977.7,1984.2,1984.2,1974.9
03072014,1985.4,1975.9,1985.6,1975.9
02072014,1974.6,1973.1,1976.7,1972.6
01072014,1973.3,1962.3,1978.6,1962.3
30062014,1960.2,1960.8,1964.2,1958.2
27062014,1961,1956.6,1961.5,1952.2
26062014,1957.2,1959.9,1959.9,1944.7
25062014,1959.5,1949.3,1960.8,1947.5
24062014,1950,1962,1968.2,1948.3
23062014,1962.6,1962.9,1963.7,1958.9
20062014,1962.9,1960.5,1963.9,1959.2
19062014,1959.5,1957.5,1959.9,1952.3
18062014,1957,1942.7,1957.7,1939.3
17062014,1942,1937.2,1943.7,1933.5
16062014,1937.8,1934.8,1941.2,1930.9
13062014,1936.2,1930.8,1937.3,1927.7
12062014,1930.1,1943.3,1943.3,1925.8
11062014,1943.9,1949.4,1949.4,1940.1
10062014,1950.8,1950.3,1950.9,1944.6
09062014,1951.3,1949,1955.5,1947.2
06062014,1949.4,1942.4,1949.4,1942.4
05062014,1940.5,1928.5,1941.7,1922.9
04062014,1927.9,1923.1,1928.6,1918.6
03062014,1924.2,1923.1,1925.1,1918.8
02062014,1925,1923.9,1925.9,1916
30052014,1923.6,1920.3,1924,1916.6
29052014,1920,1910.6,1920,1909.8
28052014,1909.8,1911.8,1914.5,1907.3
27052014,1911.9,1902,1912.3,1902
23052014,1900.5,1893.3,1901.3,1893.3
22052014,1892.5,1888.2,1896.3,1885.4
21052014,1888,1873.3,1888.8,1873.3
20052014,1872.8,1884.9,1884.9,1868.1
19052014,1885.1,1876.7,1886,1872.4
16052014,1877.9,1871.2,1878.3,1864.8
15052014,1870.8,1888.2,1888.2,1862.4
14052014,1888.5,1897.1,1897.1,1885.8
13052014,1897.5,1896.8,1902.2,1896.1
12052014,1896.7,1880,1897.1,1880
09052014,1878.5,1875.3,1878.6,1867
08052014,1875.6,1877.4,1889.1,1870
07052014,1878.2,1868.5,1878.8,1859.8
06052014,1867.7,1883.7,1883.7,1867.7
05052014,1884.7,1879.5,1885.5,1866.8
02052014,1881.1,1885.3,1891.3,1878.5
01052014,1883.7,1884.4,1888.6,1878
30042014,1884,1877.1,1885.2,1872.7
29042014,1878.3,1870.8,1880.6,1870.8
28042014,1869.4,1865,1877,1850.6
25042014,1863.4,1877.7,1877.7,1859.7
24042014,1878.6,1882,1884.1,1870.2
23042014,1875.4,1879.3,1879.8,1873.9
22042014,1879.5,1872.6,1884.9,1872.6
21042014,1871.9,1865.8,1871.9,1863.2
17042014,1864.8,1861.7,1869.6,1856.7
16042014,1862.3,1846,1862.3,1846
15042014,1843,1831.5,1844,1816.3
14042014,1830.6,1818.2,1834.2,1815.8
11042014,1815.7,1830.7,1835.1,1814.4
10042014,1833.1,1872.3,1872.5,1830.9
09042014,1872.2,1852.6,1872.4,1852.4
08042014,1852,1845.5,1855,1837.5
07042014,1845,1863.9,1864,1841.5
04042014,1865.1,1890.2,1897.3,1863.3
03042014,1888.8,1891.4,1893.8,1882.7
02042014,1890.9,1886.6,1893.2,1883.8
01042014,1885.5,1874,1885.8,1874
31032014,1872.3,1859.2,1875.2,1859.2
28032014,1857.6,1850.1,1866.6,1850.1
27032014,1849,1852.1,1855.5,1842.1
26032014,1852.6,1867.1,1875.9,1852.6
25032014,1865.6,1859.5,1871.9,1856
24032014,1857.4,1867.7,1873.3,1849.7
21032014,1866.5,1874.5,1884,1863.5
20032014,1872,1860.1,1873.5,1854.6
19032014,1860.8,1872.2,1874.1,1850.3
18032014,1872.2,1858.9,1873.8,1858.9
17032014,1858.8,1842.8,1862.3,1842.8
14032014,1841.1,1845.1,1852.4,1839.6
13032014,1846.3,1869.1,1874.4,1841.9
12032014,1868.2,1866.2,1868.4,1854.4
11032014,1867.6,1878.3,1882.3,1863.9
10032014,1877.2,1877.9,1877.9,1867
07032014,1878,1878.5,1883.6,1870.6
06032014,1877,1874.2,1881.9,1874.2
05032014,1873.8,1874,1876.5,1871.1
04032014,1873.9,1849.2,1876.2,1849.2
03032014,1845.7,1857.7,1857.7,1834.4
28022014,1859.5,1855.1,1867.9,1847.7
27022014,1854.3,1844.9,1854.5,1841.1
26022014,1845.2,1845.8,1852.7,1840.7
25022014,1845.1,1847.7,1852.9,1840.2
24022014,1847.6,1836.8,1858.7,1836.8
21022014,1836.2,1841.1,1846.1,1835.6
20022014,1839.8,1829.2,1842.8,1824.6
19022014,1828.8,1838.9,1847.5,1827
18022014,1840.8,1839,1842.9,1835
14022014,1838.6,1828.5,1841.7,1825.6
13022014,1829.8,1814.8,1830.2,1809.2
12022014,1819.3,1820.1,1826.5,1816
11022014,1819.8,1800.5,1823.5,1800.4
10022014,1799.8,1796.2,1799.9,1791.8
07022014,1797,1776,1798,1776
06022014,1773.4,1753,1774.1,1753
05022014,1751.6,1753.4,1755.8,1737.9
04022014,1755.2,1743.8,1758.7,1743.8
03022014,1741.9,1782.7,1784.8,1739.7
31012014,1782.6,1790.9,1793.9,1772.3
30012014,1794.2,1777.2,1798.8,1777.2
29012014,1774.2,1790.2,1790.2,1770.5
28012014,1792.5,1783,1793.9,1779.5
27012014,1781.6,1791,1796,1772.9
24012014,1790.3,1827,1827,1790.3
23012014,1828.5,1842.3,1842.3,1820.1
22012014,1844.9,1844.7,1846.9,1840.9
21012014,1843.8,1841,1849.3,1832.4
17012014,1838.7,1844.2,1846,1835.2
16012014,1845.9,1848,1848,1840.3
15012014,1848.4,1840.5,1850.8,1840.5
14012014,1838.9,1821.4,1839.3,1821.4
13012014,1819.2,1841.3,1843.5,1815.5
10012014,1842.4,1840.1,1843.2,1832.4
09012014,1838.1,1839,1843.2,1830.4
08012014,1837.5,1837.9,1840,1831.4
07012014,1837.9,1828.7,1840.1,1828.7
06012014,1826.8,1832.3,1837.2,1823.7
03012014,1831.4,1833.2,1838.2,1829.1
02012014,1832,1845.9,1845.9,1827.7
31122013,1848.4,1842.6,1849.4,1842.4
30122013,1841.1,1841.5,1842.5,1838.8
27122013,1841.4,1843,1844.9,1839.8
26122013,1842,1835,1842.8,1835
24122013,1833.3,1828,1833.3,1828
23122013,1828,1822.9,1829.8,1822.9
20122013,1818.3,1810.4,1823.8,1810.2
19122013,1809.6,1809,1810.9,1801.3
18122013,1810.7,1781.5,1811.1,1768
17122013,1781,1786.5,1786.8,1777
16122013,1786.5,1777.5,1792.2,1777.5
13122013,1775.3,1778,1780.9,1772.5
12122013,1775.5,1781.7,1783,1772.3
11122013,1782.2,1802.8,1803,1780.1
10122013,1802.6,1807.6,1808.5,1801.8
09122013,1808.4,1806.2,1811.5,1806.2
06122013,1805.1,1788.4,1806,1788.4
05122013,1785,1792.8,1792.8,1783.4
04122013,1792.8,1793.2,1799.8,1779.1
03122013,1795.2,1800.1,1800.1,1787.8
02122013,1800.9,1806.5,1810,1798.6
29112013,1805.8,1808.7,1813.5,1804
27112013,1807.2,1803.5,1808.3,1802.8
26112013,1802.8,1802.9,1808.4,1800.8
25112013,1802.5,1806.3,1808.1,1800.6
22112013,1804.8,1797.2,1804.8,1794.7
21112013,1795.8,1783.5,1797.2,1783.5
20112013,1781.4,1789.6,1795.7,1777.2
19112013,1787.9,1790.8,1795.5,1784.7
18112013,1791.5,1798.8,1802.3,1788
15112013,1798.2,1790.7,1798.2,1790.7
14112013,1790.6,1782.8,1791.5,1780.2
13112013,1782,1764.4,1782,1760.6
12112013,1767.7,1769.5,1771.8,1762.3
11112013,1771.9,1770,1773.4,1767.8
08112013,1770.6,1748.4,1770.8,1747.6
07112013,1747.2,1770.7,1774.5,1746.2
06112013,1770.5,1765,1773.7,1764.4
05112013,1763,1765.7,1767,1755.8
04112013,1767.9,1763.4,1768.8,1761.6
01112013,1761.6,1758.7,1765.7,1752.7
31102013,1756.5,1763.2,1768.5,1755.7
30102013,1763.3,1772.3,1775.2,1757.2
29102013,1772,1762.9,1772.1,1762.9
28102013,1762.1,1759.4,1765,1757.7
25102013,1759.8,1756,1759.8,1752.5
24102013,1752.1,1747.5,1753.9,1745.5
23102013,1746.4,1752.3,1752.3,1740.5
22102013,1754.7,1746.5,1759.3,1746.5
21102013,1744.7,1745.2,1747.8,1740.7
18102013,1744.5,1736.7,1745.3,1735.7
17102013,1733.2,1720.2,1733.5,1714.1
16102013,1721.5,1700.5,1721.8,1700.5
15102013,1698.1,1709.2,1711.6,1695.9
14102013,1710.1,1699.9,1711,1692.1
11102013,1703.2,1691.1,1703.4,1688.5
10102013,1692.6,1660.9,1692.6,1660.9
09102013,1656.4,1657,1662.5,1646.5
08102013,1655.5,1676.2,1676.8,1655
07102013,1676.1,1687.2,1687.2,1674.7
04102013,1690.5,1678.8,1691.9,1677.3
03102013,1678.7,1692.3,1692.3,1670.4
02102013,1693.9,1691.9,1693.9,1680.3
01102013,1695,1682.4,1696.5,1682.1
30092013,1681.5,1687.3,1687.3,1675
27092013,1691.8,1695.5,1695.5,1687.1
26092013,1698.7,1694,1703.8,1693.1
25092013,1692.8,1698,1701.7,1691.9
24092013,1697.4,1702.6,1707.6,1694.9
23092013,1701.8,1711.4,1711.4,1697.1
20092013,1709.9,1722.4,1725.2,1708.9
19092013,1722.3,1727.3,1729.9,1720.2
18092013,1725.5,1705.7,1729.4,1700.3
17092013,1704.8,1697.7,1705.5,1697.7
16092013,1697.6,1691.7,1705,1691.7
13092013,1688,1685,1688.7,1682.2
12092013,1683.4,1689.2,1690,1682
11092013,1689.1,1681,1689.1,1678.7
10092013,1684,1674.3,1684.1,1674.3
09092013,1671.7,1656.8,1672.4,1656.8
06092013,1655.2,1657.4,1664.8,1640.6
05092013,1655.1,1653.3,1659.2,1653.1
04092013,1653.1,1640.7,1655.7,1637.4
03092013,1639.8,1636,1651.3,1633.4
30082013,1633,1638.9,1640.1,1628
29082013,1638.2,1633.5,1646.4,1630.9
28082013,1635,1630.2,1641.2,1627.5
27082013,1630.5,1652.5,1652.5,1629
26082013,1656.8,1664.3,1669.5,1656
23082013,1663.5,1659.9,1664.8,1654.8
22082013,1657,1645,1659.5,1645
21082013,1642.8,1650.7,1657,1639.4
20082013,1652.3,1646.8,1658.9,1646.1
19082013,1646.1,1655.2,1659.2,1645.8
16082013,1655.8,1661.2,1663.6,1652.6
15082013,1661.3,1679.6,1679.6,1658.6
14082013,1685.4,1693.9,1695.5,1684.8
13082013,1694.2,1690.7,1696.8,1682.6
12082013,1689.5,1688.4,1691.5,1683.3
09082013,1691.4,1696.1,1699.4,1686
08082013,1697.5,1693.3,1700.2,1688.4
07082013,1690.9,1695.3,1695.3,1684.9
06082013,1697.4,1705.8,1705.8,1693.3
05082013,1707.1,1708,1709.2,1703.5
02082013,1709.7,1706.1,1709.7,1700.7
01082013,1706.9,1689.4,1707.8,1689.4
31072013,1685.7,1687.8,1698.4,1684.9
30072013,1686,1687.9,1693.2,1682.4
29072013,1685.3,1690.3,1690.9,1681.9
26072013,1691.7,1687.3,1691.8,1676
25072013,1690.2,1685.2,1690.9,1680.1
24072013,1685.9,1696.1,1698.4,1682.6
23072013,1692.4,1696.6,1698.8,1691.1
22072013,1695.5,1694.4,1697.6,1690.7
19072013,1692.1,1686.2,1692.1,1684.1
18072013,1689.4,1681,1693.1,1681
17072013,1680.9,1677.9,1684.8,1677.9
16072013,1676.3,1682.7,1683.7,1671.8
15072013,1682.5,1679.6,1684.5,1677.9
12072013,1680.2,1675.3,1680.2,1672.3
11072013,1675,1657.4,1676.6,1657.4
10072013,1652.6,1651.6,1657.9,1647.7
09072013,1652.3,1642.9,1654.2,1642.9
08072013,1640.5,1634.2,1644.7,1634.2
05072013,1631.9,1618.7,1632.1,1614.7
03072013,1615.4,1611.5,1619,1604.6
02072013,1614.1,1614.3,1624.3,1606.8
01072013,1615,1609.8,1626.6,1609.8
28062013,1606.3,1611.1,1615.9,1601.1
27062013,1613.2,1606.4,1620.1,1606.4
26062013,1603.3,1592.3,1606.8,1592.3
25062013,1588,1577.5,1593.8,1577.1
24062013,1573.1,1588.8,1588.8,1560.3
21062013,1592.4,1588.6,1599.2,1577.7
20062013,1588.2,1624.6,1624.6,1584.3
19062013,1628.9,1651.8,1652.5,1628.9
18062013,1651.8,1639.8,1654.2,1639.8
17062013,1639,1630.6,1646.5,1630.3
14062013,1626.7,1635.5,1640.8,1624
13062013,1636.4,1612.2,1639.2,1608.1
12062013,1612.5,1629.9,1637.7,1610.9
11062013,1626.1,1638.6,1640.1,1622.9
10062013,1642.8,1644.7,1648.7,1639.3
07062013,1643.4,1625.3,1644.4,1625.3
06062013,1622.6,1609.3,1622.6,1598.2
05062013,1608.9,1629,1629.3,1607.1
04062013,1631.4,1640.7,1646.5,1623.6
03062013,1640.4,1631.7,1640.4,1622.7
31052013,1630.7,1652.1,1659,1630.7
30052013,1654.4,1649.1,1661.9,1648.6
29052013,1648.4,1656.6,1656.6,1640
28052013,1660.1,1652.6,1674.2,1652.6
24052013,1649.6,1646.7,1649.8,1636.9
23052013,1650.5,1651.6,1655.5,1635.5
22052013,1655.3,1669.4,1687.2,1648.9
21052013,1669.2,1666.2,1674.9,1662.7
20052013,1666.3,1665.7,1672.8,1663.5
17052013,1667.5,1652.5,1667.5,1652.5
16052013,1650.5,1658.1,1660.5,1648.6
15052013,1658.8,1649.1,1661.5,1646.7
14052013,1650.3,1633.8,1651.1,1633.8
13052013,1633.8,1632.1,1636,1626.7
10052013,1633.7,1626.7,1633.7,1623.7
09052013,1626.7,1632.7,1635,1623.1
08052013,1632.7,1626,1632.8,1622.7
07052013,1626,1617.5,1626,1616.6
06052013,1617.5,1614.4,1619.8,1614.2
03052013,1614.4,1597.6,1618.5,1597.6
02052013,1597.6,1582.8,1598.6,1582.8
01052013,1582.7,1597.5,1597.5,1581.3
30042013,1597.6,1593.6,1597.6,1586.5
29042013,1593.6,1582.3,1596.7,1582.3
26042013,1582.2,1585.2,1585.8,1577.6
25042013,1585.2,1578.9,1592.6,1578.9
24042013,1578.8,1578.8,1583,1575.8
23042013,1578.8,1562.5,1579.6,1562.5
22042013,1562.5,1555.2,1565.5,1548.2
19042013,1555.2,1541.6,1555.9,1539.4
18042013,1541.6,1552,1554.4,1536
17042013,1552,1574.6,1574.6,1543.7
16042013,1574.6,1552.4,1575.3,1552.4
15042013,1552.4,1588.8,1588.8,1552.3
12042013,1588.8,1593.3,1593.3,1580
11042013,1593.4,1587.7,1597.3,1586.2
10042013,1587.7,1568.6,1589.1,1568.6
09042013,1568.6,1563.1,1573.9,1560.9
08042013,1563.1,1553.3,1563.1,1548.6
05042013,1553.3,1560,1560,1539.5
04042013,1560,1553.7,1562.6,1552.5
03042013,1553.7,1570.2,1571.5,1549.8
02042013,1570.2,1562.2,1573.7,1562.2
01042013,1562.2,1569.2,1570.6,1558.5
28032013,1569.2,1562.9,1570.3,1561.1
27032013,1562.8,1563.8,1564.1,1551.9
26032013,1563.8,1551.7,1564,1551.7
25032013,1551.7,1556.9,1564.9,1546.2
22032013,1556.9,1545.9,1557.7,1545.9
21032013,1545.8,1558.7,1558.7,1543.5
20032013,1558.7,1548.3,1561.6,1548.3
19032013,1548.3,1552.1,1557.2,1538.6
18032013,1552.1,1560.7,1560.7,1545.1
15032013,1560.7,1563.2,1563.6,1555.7
14032013,1563.2,1554.5,1563.3,1554.5
13032013,1554.5,1552.5,1556.4,1548.2
12032013,1552.5,1556.2,1556.8,1548.2
11032013,1556.2,1551.2,1556.3,1547.4
08032013,1551.2,1544.3,1552.5,1542.9
07032013,1544.3,1541.5,1545.8,1541.5
06032013,1541.5,1539.8,1545.2,1538.1
05032013,1539.8,1525.2,1543.5,1525.2
04032013,1525.2,1518.2,1525.3,1512.3
01032013,1518.2,1514.7,1520,1501.5
28022013,1514.7,1516,1525.3,1514.5
27022013,1516,1496.9,1520.1,1494.9
26022013,1496.9,1487.8,1499,1485
25022013,1487.8,1515.6,1525.8,1487.8
22022013,1515.6,1502.4,1515.6,1502.4
21022013,1502.4,1512,1512,1497.3
20022013,1512,1530.9,1530.9,1511.4
19022013,1530.9,1519.8,1530.9,1519.8
15022013,1519.8,1521.4,1524.2,1514.1
14022013,1521.4,1520.3,1523.1,1514
13022013,1520.3,1519.4,1524.7,1515.9
12022013,1519.4,1517,1522.3,1515.6
11022013,1517,1517.9,1518.3,1513.6
08022013,1517.9,1509.4,1518.3,1509.4
07022013,1509.4,1512.1,1512.9,1498.5
06022013,1512.1,1511.3,1512.5,1504.7
05022013,1511.3,1495.7,1515,1495.7
04022013,1495.7,1513.2,1513.2,1495
01022013,1513.2,1498.1,1514.4,1498.1
31012013,1498.1,1502,1504.2,1496.8
30012013,1502,1507.8,1509.9,1500.1
29012013,1507.8,1500.2,1509.3,1498.1
28012013,1500.2,1503,1503.2,1496.3
25012013,1503,1494.8,1503.3,1494.8
24012013,1494.8,1494.8,1502.3,1489.5
23012013,1494.8,1492.6,1496.1,1489.9
22012013,1492.6,1486,1492.6,1481.2
18012013,1486,1481,1486,1475.8
17012013,1480.9,1472.6,1485.2,1472.6
16012013,1472.6,1472.3,1474,1467.6
15012013,1472.3,1470.7,1473.3,1463.8
14012013,1470.7,1472,1472,1465.7
11012013,1472,1472.1,1472.8,1467.6
10012013,1472.1,1464.6,1472.3,1461
09012013,1461,1457.2,1464.7,1457.2
08012013,1457.2,1461.9,1461.9,1451.6
07012013,1461.9,1466.5,1466.5,1456.6
04012013,1466.5,1459.4,1467.9,1459
03012013,1459.4,1462.4,1465.5,1455.5
02012013,1462.4,1426.2,1462.4,1426.2
31122012,1426.2,1402.4,1426.7,1398.1
28122012,1402.4,1418.1,1418.1,1401.6
27122012,1418.1,1419.8,1422.8,1401.8
26122012,1419.8,1426.7,1429.4,1416.4
24122012,1426.7,1430.2,1430.2,1424.7
21122012,1430.2,1443.7,1443.7,1422.6
20122012,1443.7,1435.8,1443.7,1432.8
19122012,1435.8,1446.8,1447.8,1435.8
18122012,1446.8,1430.5,1448,1430.5
17122012,1430.4,1413.5,1430.7,1413.5
14122012,1413.6,1419.5,1419.5,1411.9
13122012,1419.5,1428.5,1431.4,1416
12122012,1428.5,1427.8,1438.6,1426.8
11122012,1427.8,1418.5,1434.3,1418.5
10122012,1418.5,1418.1,1421.6,1415.6
07122012,1418.1,1414,1420.3,1410.9
06122012,1413.9,1409.4,1414,1405.9
05122012,1409.3,1407,1415.6,1398.2
04122012,1407,1409.5,1413.1,1403.7
03122012,1409.5,1416.3,1423.7,1408.5
30112012,1416.2,1416,1418.9,1411.6
29112012,1416,1410,1419.7,1409
28112012,1409.9,1398.8,1410.3,1385.4
27112012,1398.9,1406.3,1409,1398
26112012,1406.3,1409.2,1409.2,1397.7
23112012,1409.2,1391,1409.2,1391
21112012,1391,1387.8,1391.2,1386.4
20112012,1387.8,1386.8,1389.8,1377
19112012,1386.9,1359.9,1386.9,1359.9
16112012,1359.9,1353.4,1362,1343.3
15112012,1353.3,1355.4,1360.6,1348
14112012,1355.5,1374.6,1380.1,1352.5
13112012,1374.5,1380,1388.8,1371.4
12112012,1380,1379.9,1384.9,1377.2
09112012,1379.8,1377.5,1391.4,1373
08112012,1377.5,1394.5,1401.2,1377.5
07112012,1394.5,1428.3,1428.3,1388.1
06112012,1428.4,1417.3,1433.4,1417.3
05112012,1417.3,1414,1419.9,1408.1
02112012,1414.2,1427.6,1434.3,1412.9
01112012,1427.6,1412.2,1428.3,1412.2
31102012,1412.2,1411,1418.8,1406
26102012,1411.9,1413,1417.1,1403.3
25102012,1413,1409.7,1421.1,1405.1
24102012,1408.8,1413.2,1420,1407.1
23102012,1413.1,1433.7,1433.7,1407.6
22102012,1433.8,1433.2,1435.5,1422.1
19102012,1433.2,1457.3,1457.3,1429.8
18102012,1457.3,1460.9,1464,1452.6
17102012,1460.9,1454.2,1462.2,1453.3
16102012,1454.9,1440.3,1455.5,1440.3
15102012,1440.1,1428.8,1441.3,1427.2
12102012,1428.6,1432.8,1438.4,1425.5
11102012,1432.8,1432.8,1443.9,1432.8
10102012,1432.6,1441.5,1442.5,1430.6
09102012,1441.5,1455.9,1455.9,1441.2
08102012,1455.9,1460.9,1460.9,1453.1
05102012,1460.9,1461.4,1471,1456.9
04102012,1461.4,1451.1,1463.1,1451.1
03102012,1451,1446,1454.3,1442
02102012,1445.8,1445,1451.5,1439
01102012,1444.5,1440.9,1457.1,1440.9
28092012,1440.7,1447.1,1447.1,1435.6
27092012,1447.2,1433.4,1450.2,1433.4
26092012,1433.3,1441.6,1441.6,1430.5
25092012,1441.6,1456.9,1463.2,1441.6
24092012,1456.9,1459.8,1460.7,1452.1
21092012,1460.2,1460.3,1467.1,1459.5
20092012,1460.3,1461,1461.2,1450
19092012,1461,1459.5,1465.2,1457.9
18092012,1459.3,1461.2,1461.5,1456.1
17092012,1461.2,1465.4,1465.6,1457.5
14092012,1465.8,1460.1,1474.5,1460.1
13092012,1460,1436.6,1463.8,1435.3
12092012,1436.6,1433.6,1439.2,1433
11092012,1433.6,1429.1,1437.8,1429.1
10092012,1429.1,1437.9,1438.7,1429
07092012,1437.9,1432.1,1437.9,1431.5
06092012,1432.1,1403.4,1432.1,1403.4
05092012,1403.4,1404.9,1408.8,1401.2
04092012,1404.9,1406.5,1409.3,1396.6
31082012,1406.6,1400.1,1413.1,1399
30082012,1399.5,1410.1,1410.1,1397
29082012,1410.5,1409.3,1414,1406.6
28082012,1409.3,1410.4,1413.6,1405.6
27082012,1410.4,1411.1,1416.2,1409.1
24082012,1411.1,1402,1413.5,1398
23082012,1402.1,1413.5,1413.5,1400.5
22082012,1413.5,1413.1,1416.1,1406.8
21082012,1413.2,1418.1,1426.7,1410.9
20082012,1418.1,1417.8,1418.1,1412.1
17082012,1418.2,1415.8,1418.7,1414.7
16082012,1415.5,1406.6,1417.4,1404.2
15082012,1405.5,1403.9,1407.7,1401.8
14082012,1403.9,1404.4,1410,1400.6
13082012,1404.1,1405.9,1405.9,1397.3
10082012,1405.9,1402.6,1406,1395.6
09082012,1402.8,1402.3,1406,1398.8
08082012,1402.2,1401.2,1404.1,1396.1
07082012,1401.3,1394.5,1407.1,1394.5
06082012,1394.2,1391,1399.6,1391
03082012,1391,1365.5,1394.2,1365.5
02082012,1365,1375.1,1375.1,1354.7
01082012,1375.1,1379.3,1385,1373.3
31072012,1379.3,1385.3,1387.2,1379.2
30072012,1385.3,1385.9,1391.7,1381.4
27072012,1386,1360,1389.2,1360
26072012,1360,1338.2,1363.1,1338.2
25072012,1337.9,1338.3,1344,1331.5
24072012,1338.3,1350.5,1351.5,1329.2
23072012,1350.5,1362.3,1362.3,1337.6
20072012,1362.7,1376.5,1376.5,1362.2
19072012,1376.5,1373,1380.4,1371.2
18072012,1372.8,1363.6,1375.3,1359
17072012,1363.7,1353.7,1365.4,1345.1
16072012,1353.6,1356.5,1357.3,1348.5
13072012,1356.8,1334.8,1357.7,1334.8
12072012,1334.8,1341.3,1341.3,1325.4
11072012,1341.5,1341.4,1345,1333.2
10072012,1341.5,1353,1361.5,1336.3
09072012,1352.5,1354.7,1354.9,1346.7
06072012,1354.7,1367.1,1367.1,1348
05072012,1367.6,1373.7,1373.8,1363
03072012,1374,1365.8,1374.8,1363.5
02072012,1365.5,1362.3,1366.3,1355.7
29062012,1362.2,1330.1,1362.2,1330.1
28062012,1329,1331.5,1331.5,1313.3
27062012,1331.8,1320.7,1334.4,1320.7
26062012,1320,1314.1,1324.2,1310.3
25062012,1313.7,1334.9,1334.9,1309.3
22062012,1335,1325.9,1337.8,1325.9
21062012,1325.5,1355.4,1358.3,1324.4
20062012,1355.7,1358,1361.6,1346.5
19062012,1358,1344.8,1363.5,1344.8
18062012,1344.8,1342.4,1348.2,1334.5
15062012,1342.8,1329.2,1343.3,1329.2
14062012,1329.1,1314.9,1333.7,1314.1
13062012,1314.9,1324,1327.3,1310.5
12062012,1324.2,1309.4,1324.3,1306.6
11062012,1308.9,1325.7,1335.5,1307.7
08062012,1325.7,1315,1325.8,1307.8
07062012,1315,1316.2,1329,1312.7
06062012,1315.1,1285.6,1315.1,1285.6
05062012,1285.5,1277.8,1287.6,1274.2
04062012,1278.2,1278.3,1282.5,1266.7
01062012,1278,1309.9,1309.9,1277.2
31052012,1310.3,1313.1,1319.7,1298.9
30052012,1313.3,1331.2,1331.2,1310.8
29052012,1332.4,1318.9,1334.9,1318.9
25052012,1317.8,1320.8,1324.2,1314.2
24052012,1320.7,1318.7,1324.1,1310.5
23052012,1318.9,1316,1320.7,1296.5
22052012,1316.6,1316.1,1328.5,1310
21052012,1316,1295.7,1316.4,1295.7
18052012,1295.2,1305,1312.2,1292
17052012,1304.9,1324.8,1326.4,1304.9
16052012,1324.8,1330.8,1341.8,1324.8
15052012,1330.7,1338.4,1344.9,1328.4
14052012,1338.3,1351.9,1351.9,1336.6
11052012,1353.4,1358.1,1365.7,1348.9
10052012,1358,1354.6,1365.9,1354.6
09052012,1354.6,1363.2,1363.7,1343.1
08052012,1363.7,1369.2,1369.2,1347.8
07052012,1369.6,1368.8,1373.9,1363.9
04052012,1369.1,1391.5,1391.5,1368
03052012,1391.6,1402.3,1403.1,1388.7
02052012,1402.3,1405.5,1405.5,1393.9
01052012,1405.8,1397.9,1415.3,1395.7
30042012,1397.9,1403.3,1403.3,1394
27042012,1403.4,1400.2,1406.6,1397.3
26042012,1400,1390.6,1402.1,1387.3
25042012,1390.7,1372.1,1391.4,1372.1
24042012,1372,1367,1375.6,1366.8
23042012,1366.9,1378.5,1378.5,1358.8
20042012,1378.5,1377,1387.4,1377
19042012,1376.9,1385.1,1390.5,1370.3
18042012,1385.1,1390.8,1390.8,1383.3
17042012,1390.8,1369.6,1392.8,1369.6
16042012,1369.6,1370.3,1379.7,1365.4
13042012,1370.3,1387.6,1387.6,1369.8
12042012,1387.6,1368.8,1388.1,1368.8
11042012,1368.7,1359,1374.7,1359
10042012,1358.6,1382.2,1383,1357.4
09042012,1382.2,1397.5,1397.5,1378.2
05042012,1398.1,1398.8,1401.6,1392.9
04042012,1399,1413.1,1413.1,1394.1
03042012,1413.4,1419,1419,1404.6
02042012,1419,1408.5,1422.4,1404.5
30032012,1408.5,1403.3,1410.9,1401.4
29032012,1403.3,1405.4,1405.4,1391.6
28032012,1405.5,1412.5,1413.7,1397.2
27032012,1412.5,1416.5,1419.2,1412
26032012,1416.5,1397.1,1416.6,1397.1
23032012,1397.1,1392.8,1399.2,1386.9
22032012,1392.8,1402.9,1402.9,1388.7
21032012,1402.9,1405.5,1407.8,1400.6
20032012,1405.5,1409.6,1409.6,1397.7
19032012,1409.8,1404.2,1414,1402.4
16032012,1404.2,1402.5,1405.9,1401.5
15032012,1402.6,1394.2,1402.6,1392.8
14032012,1394.3,1396,1399.4,1390
13032012,1396,1371.9,1396.1,1371.9
12032012,1371.1,1370.8,1373,1366.7
09032012,1370.9,1366,1374.8,1366
08032012,1365.9,1352.7,1368.7,1352.7
07032012,1352.6,1343.4,1354.8,1343.4
06032012,1343.4,1363.6,1363.6,1340
05032012,1364.3,1369.6,1369.6,1359.1
02032012,1369.6,1374.1,1374.5,1366.4
01032012,1374.1,1365.9,1376.2,1365.9
29022012,1365.7,1372.2,1378,1363.8
28022012,1372.2,1367.6,1373.1,1366
27022012,1367.6,1365.2,1371.9,1354.9
24022012,1365.7,1363.5,1368.9,1363.5
23022012,1363.5,1357.5,1364.2,1352.3
22022012,1357.7,1362.1,1362.7,1355.5
21022012,1362.2,1361.2,1367.8,1358.1
17022012,1361.2,1358.1,1363.4,1357.2
16022012,1358,1342.6,1359,1341.2
15022012,1343.2,1350.5,1355.9,1340.8
14022012,1350.5,1351.3,1351.3,1340.8
13022012,1351.8,1343.1,1353.3,1343.1
10022012,1342.6,1351.2,1351.2,1337.3
09022012,1352,1350,1354.3,1344.6
08022012,1350,1347,1351,1342
07022012,1347,1344.3,1349.2,1335.9
06022012,1344.3,1344.3,1344.4,1337.5
03022012,1344.9,1326.2,1345.3,1326.2
02022012,1325.5,1324.2,1329.2,1321.6
01022012,1324.1,1312.5,1330.5,1312.5
31012012,1312.4,1313.5,1321.4,1306.7
30012012,1313,1316.2,1316.2,1300.5
27012012,1316.3,1318.2,1320.1,1311.7
26012012,1318.4,1326.3,1333.5,1313.6
25012012,1326,1314.4,1328.3,1307.7
24012012,1314.7,1316,1316,1306.1
23012012,1316,1315.3,1322.3,1309.9
20012012,1315.4,1314.5,1315.4,1309.2
19012012,1314.5,1308.1,1315.5,1308.1
18012012,1308,1293.7,1308.1,1291
17012012,1293.7,1290.2,1303,1290.2
13012012,1289.1,1294.8,1294.8,1277.6
12012012,1295.5,1292.5,1296.8,1285.8
11012012,1292.5,1292,1293.8,1285.4
10012012,1292.1,1280.8,1296.5,1280.8
09012012,1280.7,1277.8,1282,1274.5
06012012,1277.8,1280.9,1281.8,1273.3
05012012,1281.1,1277.3,1283,1265.3
04012012,1277.3,1277,1278.7,1268.1
03012012,1277.1,1258.9,1284.6,1258.9
30122011,1257.6,1262.8,1264.1,1257.5
29122011,1263,1249.8,1263.5,1249.8
28122011,1249.6,1265.4,1265.8,1248.6
27122011,1265.4,1265,1269.4,1262.3
23122011,1265.3,1254,1265.4,1254
22122011,1254,1243.7,1255.2,1243.7
21122011,1243.7,1241.2,1245.1,1229.5
20122011,1241.3,1205.7,1242.8,1205.7
19122011,1205.3,1219.7,1224.6,1202.4
16122011,1219.7,1216.1,1231,1215.2
15122011,1215.8,1212.1,1225.6,1212.1
14122011,1211.8,1225.7,1225.7,1209.5
13122011,1225.7,1236.8,1249.9,1219.4
12122011,1236.5,1255,1255,1227.2
09122011,1255.2,1234.5,1258.2,1234.5
08122011,1234.3,1260.9,1260.9,1231.5
07122011,1261,1258.1,1267.1,1244.8
06122011,1258.5,1257.2,1266,1253
05122011,1257.1,1244.3,1266.7,1244.3
02122011,1244.3,1246,1260.1,1243.3
01122011,1244.6,1246.9,1251.1,1239.7
30112011,1247,1196.7,1247.1,1196.7
29112011,1195.2,1192.6,1203.7,1191.8
28112011,1192.5,1158.7,1197.3,1158.7
25112011,1158.7,1161.4,1172.7,1158.7
23112011,1161.8,1187.5,1187.5,1161.8
22112011,1188,1193,1196.8,1181.7
21112011,1193,1215.6,1215.6,1183.2
18112011,1215.7,1216.2,1223.5,1211.4
17112011,1216.1,1236.6,1237.7,1209.4
16112011,1236.9,1257.8,1259.6,1235.7
15112011,1257.8,1251.7,1264.2,1244.3
14112011,1251.8,1263.8,1263.8,1246.7
11112011,1263.8,1240.1,1267,1240.1
10112011,1239.7,1229.6,1246.2,1227.7
09112011,1229.1,1275.2,1275.2,1226.6
08112011,1275.9,1261.1,1277.5,1255
07112011,1261.1,1253.2,1261.7,1240.8
04112011,1253.2,1260.8,1260.8,1238.9
03112011,1261.2,1238.2,1263.2,1234.8
02112011,1237.9,1219.6,1242.5,1219.6
01112011,1218.3,1251,1251,1215.4
31102011,1253.3,1285,1285,1253.2
28102011,1285.1,1284.4,1287.1,1277
27102011,1284.6,1244,1292.7,1244
26102011,1242,1229.2,1246.3,1221.1
25102011,1229,1254.2,1254.2,1226.8
24102011,1254.2,1238.7,1256.5,1238.7
21102011,1238.2,1215.4,1239,1215.4
20102011,1215.4,1211.1,1219.5,1197.3
19102011,1209.9,1223.5,1229.6,1206.3
18102011,1225.4,1200.8,1233.1,1191.5
17102011,1200.9,1224.5,1224.5,1198.5
14102011,1224.6,1205.7,1224.6,1205.7
13102011,1203.7,1207,1207.5,1190.6
12102011,1207.2,1196.2,1220.2,1196.2
11102011,1195.5,1194.6,1199.2,1187.3
10102011,1194.9,1158.2,1194.9,1158.2
07102011,1155.5,1165,1171.4,1150.3
06102011,1165,1144.1,1165.5,1135
05102011,1144,1124,1146.1,1115.7
04102011,1124,1097.4,1125.1,1074.8
03102011,1099.2,1131.2,1139,1098.9
30092011,1131.4,1159.9,1159.9,1131.3
29092011,1160.4,1151.7,1175.9,1139.9
28092011,1151.1,1175.4,1184.7,1150.4
27092011,1175.4,1163.3,1195.9,1163.3
26092011,1163,1136.9,1164.2,1131.1
23092011,1136.4,1128.8,1141.7,1121.4
22092011,1129.6,1164.5,1164.5,1114.2
21092011,1166.8,1203.6,1206.3,1166.2
20092011,1202.1,1204.5,1220.4,1201.3
19092011,1204.1,1215,1215,1188.4
16092011,1216,1209.2,1220.1,1204.5
15092011,1209.1,1189.4,1209.1,1189.4
14092011,1188.7,1173.3,1202.4,1162.7
13092011,1172.9,1162.6,1176.4,1157.4
12092011,1162.3,1153.5,1162.5,1136.1
09092011,1154.2,1185.4,1185.4,1148.4
08092011,1185.9,1198,1204.4,1183.3
07092011,1198.6,1165.8,1198.6,1165.8
06092011,1165.2,1174,1174,1140.1
02092011,1174,1203.9,1203.9,1170.6
01092011,1204.4,1219.1,1229.3,1203.8
31082011,1218.9,1213,1230.7,1209.3
30082011,1212.9,1209.8,1220.1,1195.8
29082011,1210.1,1177.9,1210.3,1177.9
26082011,1176.8,1158.8,1181.2,1135.9
25082011,1159.3,1176.7,1190.7,1155.5
24082011,1177.6,1162.2,1178.6,1156.3
23082011,1162.3,1124.4,1162.3,1122.9
22082011,1123.8,1123.5,1145.5,1121.1
19082011,1123.5,1140.5,1154.5,1122
18082011,1140.7,1189.6,1189.6,1131
17082011,1193.9,1192.9,1208.5,1184.4
16082011,1192.8,1204.2,1204.2,1180.5
15082011,1204.5,1178.9,1204.5,1178.9
12082011,1178.8,1172.9,1189,1170.7
11082011,1172.6,1121.3,1186.3,1121.3
10082011,1120.8,1171.8,1171.8,1118
09082011,1172.5,1120.2,1172.9,1101.5
08082011,1119.5,1198.5,1198.5,1119.3
05082011,1199.4,1200.3,1218.1,1168.1
04082011,1200.1,1260.2,1260.2,1199.5
03082011,1260.3,1254.2,1261.2,1234.6
02082011,1254,1286.6,1286.6,1254
01082011,1286.9,1292.6,1307.4,1274.7
29072011,1292.3,1300.1,1304.2,1282.9
28072011,1300.7,1304.8,1316.3,1299.2
27072011,1304.9,1331.9,1331.9,1303.5
26072011,1331.9,1337.4,1338.5,1329.6
25072011,1337.4,1344.3,1344.3,1331.1
22072011,1345,1343.8,1346.1,1337
21072011,1343.8,1325.7,1347,1325.7
20072011,1325.8,1328.7,1330.4,1323.7
19072011,1326.7,1307.1,1328.1,1307.1
18072011,1305.4,1315.9,1315.9,1295.9
15072011,1316.1,1308.9,1317.7,1307.5
14072011,1308.9,1317.7,1326.9,1306.5
13072011,1317.7,1314.5,1331.5,1314.5
12072011,1313.6,1319.6,1327.2,1313.3
11072011,1319.5,1343.3,1343.3,1316.4
08072011,1343.8,1352.4,1352.4,1333.7
07072011,1353.2,1339.6,1356.5,1339.6
06072011,1339.2,1337.6,1340.9,1330.9
05072011,1337.9,1339.6,1340.9,1334.3
01072011,1339.7,1320.6,1341,1318.2
30062011,1320.6,1307.6,1322,1307.6
29062011,1307.4,1296.8,1309.2,1296.8
28062011,1296.7,1280.2,1296.8,1280.2
27062011,1280.1,1268.4,1284.9,1267.5
24062011,1268.5,1283,1283.9,1267.2
23062011,1283.5,1286.6,1286.6,1262.9
22062011,1287.1,1295.5,1298.6,1286.8
21062011,1295.5,1278.4,1297.6,1278.4
20062011,1278.4,1271.5,1280.4,1267.6
17062011,1271.5,1268.6,1279.8,1267.4
16062011,1267.6,1265.5,1274.1,1258.1
15062011,1265.4,1287.9,1287.9,1261.9
14062011,1287.9,1272.2,1292.5,1272.2
13062011,1271.8,1271.3,1277,1265.6
10062011,1271,1288.6,1288.6,1268.3
09062011,1289,1279.6,1294.5,1279.6
08062011,1279.6,1284.6,1287,1277.4
07062011,1284.9,1286.3,1296.2,1284.7
06062011,1286.2,1300.3,1300.3,1284.7
03062011,1300.2,1312.9,1312.9,1297.9
02062011,1312.9,1314.5,1318,1305.6
01062011,1314.5,1345.2,1345.2,1313.7
31052011,1345.2,1331.1,1345.2,1331.1
27052011,1331.1,1325.7,1334.6,1325.7
26052011,1325.7,1320.6,1328.5,1314.4
25052011,1320.5,1316.4,1325.9,1311.8
24052011,1316.3,1317.7,1323.7,1313.9
23052011,1317.4,1333.1,1333.1,1312.9
20052011,1333.3,1342,1342,1330.7
19052011,1343.6,1342.4,1346.8,1336.4
18052011,1340.7,1328.5,1341.8,1326.6
17052011,1329,1326.1,1330.4,1318.5
16052011,1329.5,1334.8,1343.3,1327.3
13052011,1337.8,1348.7,1350.5,1333.4
12052011,1348.7,1339.4,1351,1332
11052011,1342.1,1354.5,1354.5,1336.4
10052011,1357.2,1348.3,1359.4,1348.3
09052011,1346.3,1340.2,1349.4,1338.6
06052011,1340.2,1340.2,1354.4,1335.6
05052011,1335.1,1344.2,1348,1329.2
04052011,1347.3,1355.9,1355.9,1341.5
03052011,1356.6,1359.8,1360.8,1349.5
02052011,1361.2,1365.2,1370.6,1358.6
29042011,1363.6,1360.1,1364.6,1358.7
28042011,1360.5,1353.9,1361.7,1353.6
27042011,1355.7,1348.4,1357.5,1344.2
26042011,1347.2,1336.8,1349.5,1336.8
25042011,1335.2,1337.1,1337.5,1331.5
21042011,1337.4,1333.2,1337.5,1332.8
20042011,1330.4,1319.1,1332.7,1319.1
19042011,1312.6,1306,1312.7,1304
18042011,1305.1,1313.3,1313.3,1294.7
15042011,1319.7,1314.5,1322.9,1313.7
14042011,1314.5,1311.1,1316.8,1302.4
13042011,1314.4,1314,1321.3,1309.2
12042011,1314.2,1322,1322,1309.5
11042011,1324.5,1329,1333.8,1321.1
08042011,1328.2,1336.2,1339.5,1322.9
07042011,1333.5,1334.8,1338.8,1326.6
06042011,1335.5,1335.9,1339.4,1331.1
05042011,1332.6,1332,1338.2,1330
04042011,1332.9,1333.6,1336.7,1329.1
01042011,1332.4,1329.5,1337.8,1328.9
31032011,1325.8,1327.4,1329.8,1325
30032011,1328.3,1321.9,1331.7,1321.9
29032011,1319.4,1309.4,1319.5,1305.3
28032011,1310.2,1315.5,1319.7,1310.2
25032011,1313.8,1311.8,1319.2,1310.2
24032011,1309.7,1300.6,1311.3,1297.7
23032011,1297.5,1292.2,1300.5,1284
22032011,1293.8,1298.3,1299.3,1292.7
21032011,1298.4,1281.7,1300.6,1281.7
18032011,1279.2,1276.7,1288.9,1276.2
17032011,1273.7,1261.6,1278.9,1261.6
16032011,1256.9,1279.5,1280.9,1249
15032011,1281.9,1288.5,1288.5,1261.1
14032011,1296.4,1301.2,1301.2,1286.4
11032011,1304.3,1293.4,1308.3,1292
10032011,1295.1,1315.7,1315.7,1294.2
09032011,1320,1319.9,1323.2,1312.3
08032011,1321.8,1311,1325.7,1306.9
07032011,1310.1,1322.7,1327.7,1304
04032011,1321.2,1330.7,1331.1,1312.6
03032011,1331,1312.4,1332.3,1312.4
02032011,1308.4,1305.5,1314.2,1302.6
01032011,1306.3,1328.6,1332.1,1306.1
28022011,1327.2,1321.6,1329.4,1320.5
25022011,1319.9,1307.3,1320.6,1307.3
24022011,1306.1,1307.1,1310.9,1294.3
23022011,1307.4,1315.4,1317.9,1299.5
22022011,1315.4,1338.9,1338.9,1312.3
18022011,1343,1340.4,1344.1,1338.1
17022011,1340.4,1334.4,1341.5,1331
16022011,1336.3,1329.5,1337.6,1329.5
15022011,1328,1330.4,1330.4,1324.6
14022011,1332.3,1328.7,1333,1326.9
11022011,1329.2,1318.7,1330.8,1316.1
10022011,1321.9,1318.1,1322.8,1311.7
09022011,1320.9,1322.5,1324.5,1314.9
08022011,1324.6,1318.8,1324.9,1316
07022011,1319,1311.8,1322.8,1311.8
04022011,1310.9,1307,1311,1301.7
03022011,1307.1,1302.8,1308.6,1294.8
02022011,1304,1305.9,1307.6,1302.6
01022011,1307.6,1289.1,1308.9,1289.1
31012011,1286.1,1276.5,1287.2,1276.5
28012011,1276.3,1299.6,1302.7,1275.1
27012011,1299.5,1297.5,1301.3,1294.4
26012011,1296.6,1292,1299.7,1292
25012011,1291.2,1288.2,1291.3,1281.1
24012011,1290.8,1283.3,1291.9,1282.5
21012011,1283.3,1283.6,1291.2,1282.1
20012011,1280.3,1280.8,1283.3,1271.3
19012011,1281.9,1294.5,1294.6,1278.9
18012011,1295,1293.2,1296.1,1290.2
14012011,1293.2,1282.9,1293.2,1281.2
13012011,1283.8,1285.8,1286.7,1280.5
12012011,1286,1275.7,1286.9,1275.7
11012011,1274.5,1272.6,1277.2,1269.6
10012011,1269.8,1270.8,1271.5,1262.2
07012011,1271.5,1274.4,1276.8,1261.7
06012011,1273.8,1276.3,1278.2,1270.4
05012011,1276.6,1268.8,1277.6,1265.4
04012011,1270.2,1273,1274.1,1262.7
03012011,1271.9,1257.6,1276.2,1257.6
31122010,1257.6,1256.8,1259.3,1254.2
30122010,1257.9,1259.4,1261.1,1256.3
29122010,1259.8,1258.8,1262.6,1258.8
28122010,1258.5,1259.1,1259.9,1256.2
27122010,1257.5,1254.7,1258.4,1251.5
23122010,1256.8,1257.5,1258.6,1254
22122010,1258.8,1254.9,1259.4,1254.9
21122010,1254.6,1249.4,1255.8,1249.4
20122010,1247.1,1245.8,1250.2,1241.5
17122010,1243.9,1243.6,1245.8,1239.9
16122010,1242.9,1236.3,1243.8,1232.8
15122010,1235.2,1241.6,1244.2,1234
14122010,1241.6,1241.8,1246.6,1238.2
13122010,1240.5,1242.5,1246.7,1240.3
10122010,1240.4,1233.8,1240.4,1232.6
09122010,1233,1230.1,1234.7,1226.8
08122010,1228.3,1225,1228.9,1219.5
07122010,1223.8,1227.2,1235,1223.2
06122010,1223.1,1223.9,1225.8,1220.7
03122010,1224.7,1219.9,1225.6,1216.8
02122010,1221.5,1206.8,1221.9,1206.8
01122010,1206.1,1186.6,1207.6,1186.6
30112010,1180.5,1183,1187.4,1174.1
29112010,1187.8,1189.1,1190.3,1173.6
26112010,1189.4,1194.2,1194.2,1186.9
24112010,1198.3,1183.7,1198.6,1183.7
23112010,1180.7,1192.5,1192.5,1176.9
22112010,1197.8,1198.1,1198.9,1184.6
19112010,1199.7,1196.1,1200,1189.4
18112010,1196.7,1183.8,1200.3,1183.8
17112010,1178.6,1178.3,1183.6,1175.8
16112010,1178.3,1194.8,1194.8,1173
15112010,1197.8,1200.4,1207.4,1197.2
12112010,1199.2,1209.1,1210.5,1194.1
11112010,1213.5,1213,1215.5,1204.5
10112010,1218.7,1213.1,1218.8,1204.3
09112010,1213.4,1223.6,1226.8,1208.9
08112010,1223.2,1223.2,1224.6,1217.5
05112010,1225.8,1221.2,1227.1,1220.3
04112010,1221.1,1198.3,1221.2,1198.3
03112010,1198,1193.8,1198.3,1183.6
02112010,1193.6,1187.9,1195.9,1187.9
01112010,1184.4,1185.7,1195.8,1177.7
29102010,1183.3,1183.9,1185.5,1179.7
28102010,1183.8,1184.5,1189.5,1177.1
27102010,1182.5,1183.8,1183.8,1171.7
26102010,1185.6,1184.9,1187.1,1177.7
25102010,1185.6,1184.7,1196.1,1184.7
22102010,1183.1,1180.5,1183.9,1179
21102010,1180.3,1179.8,1189.4,1171.2
20102010,1178.2,1166.7,1182.9,1166.7
19102010,1165.9,1178.6,1178.6,1159.7
18102010,1184.7,1176.8,1185.5,1174.5
15102010,1176.2,1177.5,1181.2,1167.1
14102010,1173.8,1177.8,1178.9,1166.7
13102010,1178.1,1171.3,1184.4,1171.3
12102010,1169.8,1164.3,1172.6,1155.7
11102010,1165.3,1165.3,1168.7,1162
08102010,1165.2,1158.4,1167.7,1155.6
07102010,1158.1,1161.6,1163.9,1151.4
06102010,1160,1159.8,1162.3,1154.8
05102010,1160.8,1140.7,1162.8,1140.7
04102010,1137,1145,1148.2,1131.9
01102010,1146.2,1143.5,1150.3,1139.4
30092010,1141.2,1146,1157.2,1136.1
29092010,1144.7,1146.8,1148.6,1140.3
28092010,1147.7,1142.3,1150,1132.1
27092010,1142.2,1148.6,1149.9,1142
24092010,1148.7,1131.7,1148.9,1131.7
23092010,1124.8,1131.1,1136.8,1122.8
22092010,1134.3,1139.5,1144.4,1131.6
21092010,1139.8,1142.8,1148.6,1136.2
20092010,1142.7,1126.6,1144.9,1126.6
17092010,1125.6,1126.4,1131.5,1122.4
16092010,1124.7,1123.9,1125.4,1118.9
15092010,1125.1,1119.4,1126.5,1114.6
14092010,1121.1,1121.2,1127.4,1115.6
13092010,1121.9,1113.4,1123.9,1113.4
10092010,1109.5,1104.6,1110.9,1103.9
09092010,1104.2,1101.2,1110.3,1101.2
08092010,1098.9,1092.4,1103.3,1092.4
07092010,1091.8,1102.6,1102.6,1091.2
03092010,1104.5,1093.6,1105.1,1093.6
02092010,1090.1,1080.7,1090.1,1080.4
01092010,1080.3,1049.7,1081.3,1049.7
31082010,1049.3,1046.9,1055.1,1040.9
30082010,1048.9,1062.9,1064.4,1048.8
27082010,1064.6,1049.3,1065.2,1039.7
26082010,1047.2,1056.3,1061.5,1045.4
25082010,1055.3,1049,1059.4,1039.8
24082010,1051.9,1063.2,1063.2,1046.7
23082010,1067.4,1073.4,1081.6,1067.1
20082010,1071.7,1075.6,1075.6,1063.9
19082010,1075.6,1092.4,1092.4,1070.7
18082010,1094.2,1092.1,1099.8,1085.8
17082010,1092.5,1081.2,1100.1,1081.2
16082010,1079.4,1077.5,1082.6,1069.5
13082010,1079.2,1082.2,1086.2,1079
12082010,1083.6,1081.5,1086.7,1076.7
11082010,1089.5,1116.9,1116.9,1088.5
10082010,1121.1,1122.9,1127.2,1111.6
09082010,1127.8,1122.8,1129.2,1120.9
06082010,1121.6,1122.1,1123.1,1107.2
05082010,1125.8,1125.8,1126.6,1118.8
04082010,1127.2,1121.1,1128.8,1119.5
03082010,1120.5,1125.3,1125.4,1116.8
02082010,1125.9,1107.5,1127.3,1107.5
30072010,1101.6,1098.4,1106.4,1088
29072010,1101.5,1108.1,1115.9,1092.8
28072010,1106.1,1112.8,1114.7,1103.1
27072010,1113.8,1117.4,1121,1109.8
26072010,1115,1102.9,1115,1101.3
23072010,1102.7,1092.2,1103.7,1087.9
22072010,1093.7,1072.1,1097.5,1072.1
21072010,1069.6,1086.7,1089,1065.2
20072010,1083.5,1064.5,1083.9,1056.9
19072010,1071.2,1066.8,1074.7,1061.1
16072010,1064.9,1093.8,1093.8,1063.3
15072010,1096.5,1094.5,1098.7,1080.5
14072010,1095.2,1095.6,1099.1,1087.7
13072010,1095.3,1080.7,1099.5,1080.7
12072010,1078.8,1077.2,1080.8,1070.5
09072010,1078,1070.5,1078.2,1068.1
08072010,1070.2,1062.9,1071.2,1058.2
07072010,1060.3,1028.5,1060.9,1028.5
06072010,1028.1,1028.1,1042.5,1018.4
02072010,1022.6,1027.7,1033,1015.9
01072010,1027.4,1031.1,1033.6,1010.9
30062010,1030.7,1040.6,1048.1,1028.3
29062010,1041.2,1071.1,1071.1,1035.2
28062010,1074.6,1077.5,1082.6,1071.5
25062010,1076.8,1075.1,1083.6,1067.9
24062010,1073.7,1090.9,1090.9,1071.6
23062010,1092,1095.6,1099.6,1085.3
22062010,1095.3,1113.9,1118.5,1094.2
21062010,1113.2,1122.8,1131.2,1108.2
18062010,1117.5,1116.2,1121,1113.9
17062010,1116,1116,1117.7,1105.9
16062010,1114.6,1114,1118.7,1107.1
15062010,1115.2,1091.2,1115.6,1091.2
14062010,1089.6,1095,1105.9,1089
11062010,1091.6,1082.7,1092.2,1077.1
10062010,1086.8,1058.8,1087.8,1058.8
09062010,1055.7,1062.8,1077.7,1052.2
08062010,1062,1050.8,1063.2,1042.2
07062010,1050.5,1065.8,1071.4,1049.9
04062010,1064.9,1098.4,1098.4,1060.5
03062010,1102.8,1098.8,1105.7,1091.8
02062010,1098.4,1073,1098.6,1072
01062010,1070.7,1087.3,1094.8,1069.9
28052010,1089.4,1102.6,1102.6,1084.8
27052010,1103.1,1074.3,1103.5,1074.3
26052010,1068,1075.5,1090.8,1065.6
25052010,1074,1067.4,1074.8,1040.8
24052010,1073.7,1084.8,1090,1072.7
21052010,1087.7,1067.3,1090.2,1055.9
20052010,1071.6,1107.3,1107.3,1071.6
19052010,1115,1119.6,1124.3,1100.7
18052010,1120.8,1138.8,1148.7,1117.2
17052010,1136.9,1136.5,1141.9,1115
14052010,1135.7,1157.2,1157.2,1126.1
13052010,1157.4,1170,1173.6,1156.1
12052010,1171.7,1155.4,1172.9,1155.4
11052010,1155.8,1156.4,1170.5,1147.7
10052010,1159.7,1122.3,1163.8,1122.3
07052010,1110.9,1127,1135.1,1094.2
06052010,1128.2,1164.4,1167.6,1065.8
05052010,1165.9,1169.2,1176,1158.2
04052010,1173.6,1197.5,1197.5,1168.1
03052010,1202.3,1188.6,1205.1,1188.6
30042010,1186.7,1206.8,1208,1186.3
29042010,1206.8,1193.3,1209.4,1193.3
28042010,1191.4,1184.6,1195,1181.8
27042010,1183.7,1209.9,1211.4,1181.6
26042010,1212,1217.1,1219.8,1211.1
23042010,1217.3,1207.9,1217.3,1205.1
22042010,1208.7,1202.5,1210.3,1190.2
21042010,1205.9,1207.2,1211,1198.8
20042010,1207.2,1199,1208.6,1199
19042010,1197.5,1192.1,1197.9,1183.7
16042010,1192.1,1210.2,1210.2,1186.8
15042010,1211.7,1210.8,1213.9,1208.5
14042010,1210.7,1198.7,1210.7,1198.7
13042010,1197.3,1195.9,1199,1188.8
12042010,1196.5,1194.9,1199.2,1194.7
09042010,1194.4,1187.5,1194.7,1187.2
08042010,1186.4,1181.8,1188.5,1175.1
07042010,1182.5,1188.2,1189.6,1177.2
06042010,1189.4,1186,1191.8,1182.8
05042010,1187.4,1178.7,1187.7,1178.7
01042010,1178.1,1171.2,1181.4,1170.7
31032010,1169.4,1171.8,1174.6,1165.8
30032010,1173.3,1173.8,1177.8,1168.9
29032010,1173.2,1167.7,1174.8,1167.7
26032010,1166.6,1167.6,1173.9,1161.5
25032010,1165.7,1170,1180.7,1165.1
24032010,1167.7,1172.7,1173,1166
23032010,1174.2,1166.5,1174.7,1163.8
22032010,1165.8,1157.2,1167.8,1152.9
19032010,1159.9,1166.7,1169.2,1155.3
18032010,1165.8,1166.1,1167.8,1161.2
17032010,1166.2,1159.9,1169.8,1159.9
16032010,1159.5,1150.8,1160.3,1150.3
15032010,1150.5,1148.5,1151,1141.5
12032010,1150,1151.7,1153.4,1147
11032010,1150.2,1144,1150.2,1139
10032010,1145.6,1140.2,1148.3,1140.1
09032010,1140.5,1137.6,1145.4,1134.9
08032010,1138.5,1138.4,1141,1136.8
05032010,1138.7,1125.1,1139.4,1125.1
04032010,1123,1119.1,1123.7,1116.7
03032010,1118.8,1119.4,1125.6,1116.6
02032010,1118.3,1117,1123.5,1116.5
01032010,1115.7,1105.4,1116.1,1105.4
26022010,1104.5,1103.1,1107.2,1097.6
25022010,1102.9,1101.2,1103.5,1086
24022010,1105.2,1095.9,1106.4,1095.5
23022010,1094.6,1107.5,1108.6,1092.2
22022010,1108,1110,1112.3,1105.4
19022010,1109.2,1105.5,1112.4,1100.8
18022010,1106.8,1099,1108.2,1097.5
17022010,1099.5,1096.1,1101,1094.7
16022010,1094.9,1079.1,1095.7,1079.1
12022010,1075.5,1076,1077.8,1063
11022010,1078.5,1067.1,1080,1060.6
10022010,1068.1,1069.7,1073.7,1059.3
09022010,1070.5,1060.1,1079.3,1060.1
08022010,1056.7,1065.5,1071.2,1056.5
05022010,1066.2,1064.1,1067.1,1044.5
04022010,1063.1,1097.2,1097.2,1062.8
03022010,1097.3,1100.7,1102.7,1094
02022010,1103.3,1090,1104.7,1088
01022010,1089.2,1073.9,1089.4,1073.9
29012010,1073.9,1087.6,1096.5,1071.6
28012010,1084.5,1096.9,1100.2,1078.5
27012010,1097.5,1091.9,1099.5,1083.1
26012010,1092.2,1095.8,1103.7,1089.9
25012010,1096.8,1092.4,1103,1092.4
22012010,1091.8,1115.5,1115.5,1090.2
21012010,1116.5,1138.7,1141.6,1114.8
20012010,1138,1148,1148,1129.2
19012010,1150.2,1136,1150.5,1135.8
15012010,1136,1147.7,1147.8,1131.4
14012010,1148.5,1145.7,1150.4,1143.8
13012010,1145.7,1137.3,1148.4,1133.2
12012010,1136.2,1143.8,1143.8,1131.8
11012010,1147,1146,1149.7,1142
08012010,1145,1140.5,1145.4,1136.2
07012010,1141.7,1136.3,1142.5,1131.3
06012010,1137.1,1135.7,1139.2,1134
05012010,1136.5,1132.7,1136.6,1129.7
04012010,1133,1116.6,1133.9,1116.6
